0,0,0,0,0,0,0,0,0,0,0,0,0,0,0,0,0,0,0,0,0,0,0,0,0,0,0,0,0,0,0,0,0,0,0,0,0,0,0,0,0,0,0,0,0,0,0,0,0,0,0,0,0,0,0,0,0,0,0,0,0,0,0,0,0,0,0,0,0,0,0,0,0,0,0,0,0,0,0,0,0,0,0,0,0,0,0,0,0,0,0,0,0,0,0,0,0,0,0,0,0,0,0,0,0,0,0,0,0,0,0,0,0,0,0,0,0,0,0,0,0,0,0,0,0,0,0,0,0,0,0,0,0,0,0,0,0,
1,0,0,0,0,0,0,0,0,0,0,0,0,0,0,0,0,0,0,0,0,0,0,0,0,0,0,0,0,0,0,0,0,0,0,0,0,0,0,0,0,0,0,0,0,0,0,0,0,0,0,0,0,0,0,0,0,0,0,0,0,0,0,0,0,0,0,0,0,0,0,0,0,0,0,0,0,0,0,0,0,0,0,0,0,0,0,0,0,0,0,0,0,0,0,0,0,0,0,0,0,0,0,0,0,0,0,0,0,0,0,0,0,0,0,0,0,0,0,0,0,0,0,0,0,0,0,0,0,0,0,0,0,0,0,0,0,
2,2,0,0,0,0,0,0,0,0,0,0,0,0,0,0,0,0,0,0,0,0,0,0,0,0,0,0,0,0,0,0,0,0,0,0,0,0,0,0,0,0,0,0,0,0,0,0,0,0,0,0,0,0,0,0,0,0,0,0,0,0,0,0,0,0,0,0,0,0,0,0,0,0,0,0,0,0,0,0,0,0,0,0,0,0,0,0,0,0,0,0,0,0,0,0,0,0,0,0,0,0,0,0,0,0,0,0,0,0,0,0,0,0,0,0,0,0,0,0,0,0,0,0,0,0,0,0,0,0,0,0,0,0,0,0,0,
3,1,3,0,0,0,0,0,0,0,0,0,0,0,0,0,0,0,0,0,0,0,0,0,0,0,0,0,0,0,0,0,0,0,0,0,0,0,0,0,0,0,0,0,0,0,0,0,0,0,0,0,0,0,0,0,0,0,0,0,0,0,0,0,0,0,0,0,0,0,0,0,0,0,0,0,0,0,0,0,0,0,0,0,0,0,0,0,0,0,0,0,0,0,0,0,0,0,0,0,0,0,0,0,0,0,0,0,0,0,0,0,0,0,0,0,0,0,0,0,0,0,0,0,0,0,0,0,0,0,0,0,0,0,0,0,0,
4,4,3,4,0,0,0,0,0,0,0,0,0,0,0,0,0,0,0,0,0,0,0,0,0,0,0,0,0,0,0,0,0,0,0,0,0,0,0,0,0,0,0,0,0,0,0,0,0,0,0,0,0,0,0,0,0,0,0,0,0,0,0,0,0,0,0,0,0,0,0,0,0,0,0,0,0,0,0,0,0,0,0,0,0,0,0,0,0,0,0,0,0,0,0,0,0,0,0,0,0,0,0,0,0,0,0,0,0,0,0,0,0,0,0,0,0,0,0,0,0,0,0,0,0,0,0,0,0,0,0,0,0,0,0,0,0,
5,2,1,2,5,0,0,0,0,0,0,0,0,0,0,0,0,0,0,0,0,0,0,0,0,0,0,0,0,0,0,0,0,0,0,0,0,0,0,0,0,0,0,0,0,0,0,0,0,0,0,0,0,0,0,0,0,0,0,0,0,0,0,0,0,0,0,0,0,0,0,0,0,0,0,0,0,0,0,0,0,0,0,0,0,0,0,0,0,0,0,0,0,0,0,0,0,0,0,0,0,0,0,0,0,0,0,0,0,0,0,0,0,0,0,0,0,0,0,0,0,0,0,0,0,0,0,0,0,0,0,0,0,0,0,0,0,
6,6,5,4,5,6,0,0,0,0,0,0,0,0,0,0,0,0,0,0,0,0,0,0,0,0,0,0,0,0,0,0,0,0,0,0,0,0,0,0,0,0,0,0,0,0,0,0,0,0,0,0,0,0,0,0,0,0,0,0,0,0,0,0,0,0,0,0,0,0,0,0,0,0,0,0,0,0,0,0,0,0,0,0,0,0,0,0,0,0,0,0,0,0,0,0,0,0,0,0,0,0,0,0,0,0,0,0,0,0,0,0,0,0,0,0,0,0,0,0,0,0,0,0,0,0,0,0,0,0,0,0,0,0,0,0,0,
7,3,5,1,4,3,7,0,0,0,0,0,0,0,0,0,0,0,0,0,0,0,0,0,0,0,0,0,0,0,0,0,0,0,0,0,0,0,0,0,0,0,0,0,0,0,0,0,0,0,0,0,0,0,0,0,0,0,0,0,0,0,0,0,0,0,0,0,0,0,0,0,0,0,0,0,0,0,0,0,0,0,0,0,0,0,0,0,0,0,0,0,0,0,0,0,0,0,0,0,0,0,0,0,0,0,0,0,0,0,0,0,0,0,0,0,0,0,0,0,0,0,0,0,0,0,0,0,0,0,0,0,0,0,0,0,0,
8,8,2,6,5,2,7,8,0,0,0,0,0,0,0,0,0,0,0,0,0,0,0,0,0,0,0,0,0,0,0,0,0,0,0,0,0,0,0,0,0,0,0,0,0,0,0,0,0,0,0,0,0,0,0,0,0,0,0,0,0,0,0,0,0,0,0,0,0,0,0,0,0,0,0,0,0,0,0,0,0,0,0,0,0,0,0,0,0,0,0,0,0,0,0,0,0,0,0,0,0,0,0,0,0,0,0,0,0,0,0,0,0,0,0,0,0,0,0,0,0,0,0,0,0,0,0,0,0,0,0,0,0,0,0,0,0,
9,4,7,4,1,3,6,4,9,0,0,0,0,0,0,0,0,0,0,0,0,0,0,0,0,0,0,0,0,0,0,0,0,0,0,0,0,0,0,0,0,0,0,0,0,0,0,0,0,0,0,0,0,0,0,0,0,0,0,0,0,0,0,0,0,0,0,0,0,0,0,0,0,0,0,0,0,0,0,0,0,0,0,0,0,0,0,0,0,0,0,0,0,0,0,0,0,0,0,0,0,0,0,0,0,0,0,0,0,0,0,0,0,0,0,0,0,0,0,0,0,0,0,0,0,0,0,0,0,0,0,0,0,0,0,0,0,
10,10,7,6,7,6,5,6,9,10,0,0,0,0,0,0,0,0,0,0,0,0,0,0,0,0,0,0,0,0,0,0,0,0,0,0,0,0,0,0,0,0,0,0,0,0,0,0,0,0,0,0,0,0,0,0,0,0,0,0,0,0,0,0,0,0,0,0,0,0,0,0,0,0,0,0,0,0,0,0,0,0,0,0,0,0,0,0,0,0,0,0,0,0,0,0,0,0,0,0,0,0,0,0,0,0,0,0,0,0,0,0,0,0,0,0,0,0,0,0,0,0,0,0,0,0,0,0,0,0,0,0,0,0,0,0,0,
11,5,3,2,7,1,6,2,3,5,11,0,0,0,0,0,0,0,0,0,0,0,0,0,0,0,0,0,0,0,0,0,0,0,0,0,0,0,0,0,0,0,0,0,0,0,0,0,0,0,0,0,0,0,0,0,0,0,0,0,0,0,0,0,0,0,0,0,0,0,0,0,0,0,0,0,0,0,0,0,0,0,0,0,0,0,0,0,0,0,0,0,0,0,0,0,0,0,0,0,0,0,0,0,0,0,0,0,0,0,0,0,0,0,0,0,0,0,0,0,0,0,0,0,0,0,0,0,0,0,0,0,0,0,0,0,0,
12,12,9,8,6,8,7,5,7,8,11,12,0,0,0,0,0,0,0,0,0,0,0,0,0,0,0,0,0,0,0,0,0,0,0,0,0,0,0,0,0,0,0,0,0,0,0,0,0,0,0,0,0,0,0,0,0,0,0,0,0,0,0,0,0,0,0,0,0,0,0,0,0,0,0,0,0,0,0,0,0,0,0,0,0,0,0,0,0,0,0,0,0,0,0,0,0,0,0,0,0,0,0,0,0,0,0,0,0,0,0,0,0,0,0,0,0,0,0,0,0,0,0,0,0,0,0,0,0,0,0,0,0,0,0,0,0,
13,6,9,6,7,5,1,4,6,5,8,6,13,0,0,0,0,0,0,0,0,0,0,0,0,0,0,0,0,0,0,0,0,0,0,0,0,0,0,0,0,0,0,0,0,0,0,0,0,0,0,0,0,0,0,0,0,0,0,0,0,0,0,0,0,0,0,0,0,0,0,0,0,0,0,0,0,0,0,0,0,0,0,0,0,0,0,0,0,0,0,0,0,0,0,0,0,0,0,0,0,0,0,0,0,0,0,0,0,0,0,0,0,0,0,0,0,0,0,0,0,0,0,0,0,0,0,0,0,0,0,0,0,0,0,0,0,
14,14,4,8,2,4,9,8,3,2,7,4,13,14,0,0,0,0,0,0,0,0,0,0,0,0,0,0,0,0,0,0,0,0,0,0,0,0,0,0,0,0,0,0,0,0,0,0,0,0,0,0,0,0,0,0,0,0,0,0,0,0,0,0,0,0,0,0,0,0,0,0,0,0,0,0,0,0,0,0,0,0,0,0,0,0,0,0,0,0,0,0,0,0,0,0,0,0,0,0,0,0,0,0,0,0,0,0,0,0,0,0,0,0,0,0,0,0,0,0,0,0,0,0,0,0,0,0,0,0,0,0,0,0,0,0,0,
15,7,11,3,9,5,9,1,8,4,8,3,10,7,15,0,0,0,0,0,0,0,0,0,0,0,0,0,0,0,0,0,0,0,0,0,0,0,0,0,0,0,0,0,0,0,0,0,0,0,0,0,0,0,0,0,0,0,0,0,0,0,0,0,0,0,0,0,0,0,0,0,0,0,0,0,0,0,0,0,0,0,0,0,0,0,0,0,0,0,0,0,0,0,0,0,0,0,0,0,0,0,0,0,0,0,0,0,0,0,0,0,0,0,0,0,0,0,0,0,0,0,0,0,0,0,0,0,0,0,0,0,0,0,0,0,0,
16,16,11,10,9,8,8,10,9,7,7,8,9,10,15,16,0,0,0,0,0,0,0,0,0,0,0,0,0,0,0,0,0,0,0,0,0,0,0,0,0,0,0,0,0,0,0,0,0,0,0,0,0,0,0,0,0,0,0,0,0,0,0,0,0,0,0,0,0,0,0,0,0,0,0,0,0,0,0,0,0,0,0,0,0,0,0,0,0,0,0,0,0,0,0,0,0,0,0,0,0,0,0,0,0,0,0,0,0,0,0,0,0,0,0,0,0,0,0,0,0,0,0,0,0,0,0,0,0,0,0,0,0,0,0,0,0,
17,8,5,8,8,2,7,6,1,5,6,2,7,7,5,8,17,0,0,0,0,0,0,0,0,0,0,0,0,0,0,0,0,0,0,0,0,0,0,0,0,0,0,0,0,0,0,0,0,0,0,0,0,0,0,0,0,0,0,0,0,0,0,0,0,0,0,0,0,0,0,0,0,0,0,0,0,0,0,0,0,0,0,0,0,0,0,0,0,0,0,0,0,0,0,0,0,0,0,0,0,0,0,0,0,0,0,0,0,0,0,0,0,0,0,0,0,0,0,0,0,0,0,0,0,0,0,0,0,0,0,0,0,0,0,0,0,
18,18,13,10,9,10,8,8,11,10,7,7,9,8,9,12,17,18,0,0,0,0,0,0,0,0,0,0,0,0,0,0,0,0,0,0,0,0,0,0,0,0,0,0,0,0,0,0,0,0,0,0,0,0,0,0,0,0,0,0,0,0,0,0,0,0,0,0,0,0,0,0,0,0,0,0,0,0,0,0,0,0,0,0,0,0,0,0,0,0,0,0,0,0,0,0,0,0,0,0,0,0,0,0,0,0,0,0,0,0,0,0,0,0,0,0,0,0,0,0,0,0,0,0,0,0,0,0,0,0,0,0,0,0,0,0,0,
19,9,13,4,3,7,9,4,11,1,10,3,8,6,3,4,12,9,19,0,0,0,0,0,0,0,0,0,0,0,0,0,0,0,0,0,0,0,0,0,0,0,0,0,0,0,0,0,0,0,0,0,0,0,0,0,0,0,0,0,0,0,0,0,0,0,0,0,0,0,0,0,0,0,0,0,0,0,0,0,0,0,0,0,0,0,0,0,0,0,0,0,0,0,0,0,0,0,0,0,0,0,0,0,0,0,0,0,0,0,0,0,0,0,0,0,0,0,0,0,0,0,0,0,0,0,0,0,0,0,0,0,0,0,0,0,0,
20,20,6,12,11,6,2,7,5,12,11,4,6,2,5,10,11,6,19,20,0,0,0,0,0,0,0,0,0,0,0,0,0,0,0,0,0,0,0,0,0,0,0,0,0,0,0,0,0,0,0,0,0,0,0,0,0,0,0,0,0,0,0,0,0,0,0,0,0,0,0,0,0,0,0,0,0,0,0,0,0,0,0,0,0,0,0,0,0,0,0,0,0,0,0,0,0,0,0,0,0,0,0,0,0,0,0,0,0,0,0,0,0,0,0,0,0,0,0,0,0,0,0,0,0,0,0,0,0,0,0,0,0,0,0,0,0,
21,10,15,10,11,7,11,6,9,7,1,6,8,5,10,6,10,9,14,10,21,0,0,0,0,0,0,0,0,0,0,0,0,0,0,0,0,0,0,0,0,0,0,0,0,0,0,0,0,0,0,0,0,0,0,0,0,0,0,0,0,0,0,0,0,0,0,0,0,0,0,0,0,0,0,0,0,0,0,0,0,0,0,0,0,0,0,0,0,0,0,0,0,0,0,0,0,0,0,0,0,0,0,0,0,0,0,0,0,0,0,0,0,0,0,0,0,0,0,0,0,0,0,0,0,0,0,0,0,0,0,0,0,0,0,0,0,
22,22,15,12,10,10,11,10,8,10,13,12,9,7,9,10,9,9,11,14,21,22,0,0,0,0,0,0,0,0,0,0,0,0,0,0,0,0,0,0,0,0,0,0,0,0,0,0,0,0,0,0,0,0,0,0,0,0,0,0,0,0,0,0,0,0,0,0,0,0,0,0,0,0,0,0,0,0,0,0,0,0,0,0,0,0,0,0,0,0,0,0,0,0,0,0,0,0,0,0,0,0,0,0,0,0,0,0,0,0,0,0,0,0,0,0,0,0,0,0,0,0,0,0,0,0,0,0,0,0,0,0,0,0,0,0,0,
23,11,7,5,11,3,10,2,5,7,13,1,12,6,4,2,9,3,10,5,7,11,23,0,0,0,0,0,0,0,0,0,0,0,0,0,0,0,0,0,0,0,0,0,0,0,0,0,0,0,0,0,0,0,0,0,0,0,0,0,0,0,0,0,0,0,0,0,0,0,0,0,0,0,0,0,0,0,0,0,0,0,0,0,0,0,0,0,0,0,0,0,0,0,0,0,0,0,0,0,0,0,0,0,0,0,0,0,0,0,0,0,0,0,0,0,0,0,0,0,0,0,0,0,0,0,0,0,0,0,0,0,0,0,0,0,0,
24,24,17,14,4,12,9,12,10,4,10,14,13,9,3,9,11,8,11,4,13,16,23,24,0,0,0,0,0,0,0,0,0,0,0,0,0,0,0,0,0,0,0,0,0,0,0,0,0,0,0,0,0,0,0,0,0,0,0,0,0,0,0,0,0,0,0,0,0,0,0,0,0,0,0,0,0,0,0,0,0,0,0,0,0,0,0,0,0,0,0,0,0,0,0,0,0,0,0,0,0,0,0,0,0,0,0,0,0,0,0,0,0,0,0,0,0,0,0,0,0,0,0,0,0,0,0,0,0,0,0,0,0,0,0,0,0,
25,12,17,12,13,9,10,8,11,6,9,8,1,7,8,5,10,7,9,8,12,11,16,12,25,0,0,0,0,0,0,0,0,0,0,0,0,0,0,0,0,0,0,0,0,0,0,0,0,0,0,0,0,0,0,0,0,0,0,0,0,0,0,0,0,0,0,0,0,0,0,0,0,0,0,0,0,0,0,0,0,0,0,0,0,0,0,0,0,0,0,0,0,0,0,0,0,0,0,0,0,0,0,0,0,0,0,0,0,0,0,0,0,0,0,0,0,0,0,0,0,0,0,0,0,0,0,0,0,0,0,0,0,0,0,0,0,
26,26,8,14,13,8,11,10,2,9,10,6,15,14,5,9,8,2,9,10,7,12,13,8,25,26,0,0,0,0,0,0,0,0,0,0,0,0,0,0,0,0,0,0,0,0,0,0,0,0,0,0,0,0,0,0,0,0,0,0,0,0,0,0,0,0,0,0,0,0,0,0,0,0,0,0,0,0,0,0,0,0,0,0,0,0,0,0,0,0,0,0,0,0,0,0,0,0,0,0,0,0,0,0,0,0,0,0,0,0,0,0,0,0,0,0,0,0,0,0,0,0,0,0,0,0,0,0,0,0,0,0,0,0,0,0,0,
27,13,19,6,12,9,3,6,13,7,9,5,15,1,14,4,8,6,12,5,3,8,11,6,18,13,27,0,0,0,0,0,0,0,0,0,0,0,0,0,0,0,0,0,0,0,0,0,0,0,0,0,0,0,0,0,0,0,0,0,0,0,0,0,0,0,0,0,0,0,0,0,0,0,0,0,0,0,0,0,0,0,0,0,0,0,0,0,0,0,0,0,0,0,0,0,0,0,0,0,0,0,0,0,0,0,0,0,0,0,0,0,0,0,0,0,0,0,0,0,0,0,0,0,0,0,0,0,0,0,0,0,0,0,0,0,0,
28,28,19,16,13,12,13,9,13,12,8,10,12,16,15,11,9,7,11,12,8,12,11,12,15,18,27,28,0,0,0,0,0,0,0,0,0,0,0,0,0,0,0,0,0,0,0,0,0,0,0,0,0,0,0,0,0,0,0,0,0,0,0,0,0,0,0,0,0,0,0,0,0,0,0,0,0,0,0,0,0,0,0,0,0,0,0,0,0,0,0,0,0,0,0,0,0,0,0,0,0,0,0,0,0,0,0,0,0,0,0,0,0,0,0,0,0,0,0,0,0,0,0,0,0,0,0,0,0,0,0,0,0,0,0,0,0,
29,14,9,14,5,4,13,8,7,2,9,4,11,9,1,8,10,3,8,2,6,7,12,4,5,13,9,14,29,0,0,0,0,0,0,0,0,0,0,0,0,0,0,0,0,0,0,0,0,0,0,0,0,0,0,0,0,0,0,0,0,0,0,0,0,0,0,0,0,0,0,0,0,0,0,0,0,0,0,0,0,0,0,0,0,0,0,0,0,0,0,0,0,0,0,0,0,0,0,0,0,0,0,0,0,0,0,0,0,0,0,0,0,0,0,0,0,0,0,0,0,0,0,0,0,0,0,0,0,0,0,0,0,0,0,0,0,
30,30,21,16,15,14,12,12,11,14,12,9,9,12,17,16,11,8,8,11,13,10,11,11,13,14,15,20,29,30,0,0,0,0,0,0,0,0,0,0,0,0,0,0,0,0,0,0,0,0,0,0,0,0,0,0,0,0,0,0,0,0,0,0,0,0,0,0,0,0,0,0,0,0,0,0,0,0,0,0,0,0,0,0,0,0,0,0,0,0,0,0,0,0,0,0,0,0,0,0,0,0,0,0,0,0,0,0,0,0,0,0,0,0,0,0,0,0,0,0,0,0,0,0,0,0,0,0,0,0,0,0,0,0,0,0,0,
31,15,21,7,15,11,11,3,10,9,13,5,11,9,17,1,16,8,10,4,12,8,9,3,10,10,14,7,20,15,31,0,0,0,0,0,0,0,0,0,0,0,0,0,0,0,0,0,0,0,0,0,0,0,0,0,0,0,0,0,0,0,0,0,0,0,0,0,0,0,0,0,0,0,0,0,0,0,0,0,0,0,0,0,0,0,0,0,0,0,0,0,0,0,0,0,0,0,0,0,0,0,0,0,0,0,0,0,0,0,0,0,0,0,0,0,0,0,0,0,0,0,0,0,0,0,0,0,0,0,0,0,0,0,0,0,0,
32,32,10,18,14,10,12,14,7,12,2,6,10,10,7,18,17,6,9,9,5,2,11,6,13,11,9,13,17,10,31,32,0,0,0,0,0,0,0,0,0,0,0,0,0,0,0,0,0,0,0,0,0,0,0,0,0,0,0,0,0,0,0,0,0,0,0,0,0,0,0,0,0,0,0,0,0,0,0,0,0,0,0,0,0,0,0,0,0,0,0,0,0,0,0,0,0,0,0,0,0,0,0,0,0,0,0,0,0,0,0,0,0,0,0,0,0,0,0,0,0,0,0,0,0,0,0,0,0,0,0,0,0,0,0,0,0,
33,16,23,16,15,11,13,10,12,9,15,8,8,8,11,10,1,9,10,7,7,7,14,8,11,9,12,10,14,15,22,16,33,0,0,0,0,0,0,0,0,0,0,0,0,0,0,0,0,0,0,0,0,0,0,0,0,0,0,0,0,0,0,0,0,0,0,0,0,0,0,0,0,0,0,0,0,0,0,0,0,0,0,0,0,0,0,0,0,0,0,0,0,0,0,0,0,0,0,0,0,0,0,0,0,0,0,0,0,0,0,0,0,0,0,0,0,0,0,0,0,0,0,0,0,0,0,0,0,0,0,0,0,0,0,0,0,
34,34,23,18,6,14,4,12,13,6,15,14,10,4,5,14,19,18,13,4,3,9,13,14,5,12,11,4,13,6,17,22,33,34,0,0,0,0,0,0,0,0,0,0,0,0,0,0,0,0,0,0,0,0,0,0,0,0,0,0,0,0,0,0,0,0,0,0,0,0,0,0,0,0,0,0,0,0,0,0,0,0,0,0,0,0,0,0,0,0,0,0,0,0,0,0,0,0,0,0,0,0,0,0,0,0,0,0,0,0,0,0,0,0,0,0,0,0,0,0,0,0,0,0,0,0,0,0,0,0,0,0,0,0,0,0,0,
35,17,11,8,17,5,15,8,3,8,12,2,11,7,7,6,19,1,18,5,6,6,10,2,11,7,3,7,14,5,16,8,11,17,35,0,0,0,0,0,0,0,0,0,0,0,0,0,0,0,0,0,0,0,0,0,0,0,0,0,0,0,0,0,0,0,0,0,0,0,0,0,0,0,0,0,0,0,0,0,0,0,0,0,0,0,0,0,0,0,0,0,0,0,0,0,0,0,0,0,0,0,0,0,0,0,0,0,0,0,0,0,0,0,0,0,0,0,0,0,0,0,0,0,0,0,0,0,0,0,0,0,0,0,0,0,0,
36,36,25,20,17,16,15,11,15,11,11,16,14,9,12,12,14,20,19,13,11,11,8,13,15,10,10,14,10,14,15,16,19,24,35,36,0,0,0,0,0,0,0,0,0,0,0,0,0,0,0,0,0,0,0,0,0,0,0,0,0,0,0,0,0,0,0,0,0,0,0,0,0,0,0,0,0,0,0,0,0,0,0,0,0,0,0,0,0,0,0,0,0,0,0,0,0,0,0,0,0,0,0,0,0,0,0,0,0,0,0,0,0,0,0,0,0,0,0,0,0,0,0,0,0,0,0,0,0,0,0,0,0,0,0,0,0,
37,18,25,18,16,13,14,10,15,9,12,10,15,8,11,8,13,11,1,10,12,7,10,7,14,9,11,8,14,9,13,12,15,17,24,18,37,0,0,0,0,0,0,0,0,0,0,0,0,0,0,0,0,0,0,0,0,0,0,0,0,0,0,0,0,0,0,0,0,0,0,0,0,0,0,0,0,0,0,0,0,0,0,0,0,0,0,0,0,0,0,0,0,0,0,0,0,0,0,0,0,0,0,0,0,0,0,0,0,0,0,0,0,0,0,0,0,0,0,0,0,0,0,0,0,0,0,0,0,0,0,0,0,0,0,0,0,
38,38,12,20,17,12,13,14,9,14,11,8,2,11,6,12,12,8,21,20,7,11,11,5,10,2,7,10,13,8,13,12,11,16,19,12,37,38,0,0,0,0,0,0,0,0,0,0,0,0,0,0,0,0,0,0,0,0,0,0,0,0,0,0,0,0,0,0,0,0,0,0,0,0,0,0,0,0,0,0,0,0,0,0,0,0,0,0,0,0,0,0,0,0,0,0,0,0,0,0,0,0,0,0,0,0,0,0,0,0,0,0,0,0,0,0,0,0,0,0,0,0,0,0,0,0,0,0,0,0,0,0,0,0,0,0,0,
39,19,27,9,7,13,14,4,13,3,10,7,17,9,5,4,11,11,21,1,20,10,10,3,4,8,16,6,9,3,12,4,13,12,7,9,26,19,39,0,0,0,0,0,0,0,0,0,0,0,0,0,0,0,0,0,0,0,0,0,0,0,0,0,0,0,0,0,0,0,0,0,0,0,0,0,0,0,0,0,0,0,0,0,0,0,0,0,0,0,0,0,0,0,0,0,0,0,0,0,0,0,0,0,0,0,0,0,0,0,0,0,0,0,0,0,0,0,0,0,0,0,0,0,0,0,0,0,0,0,0,0,0,0,0,0,0,
40,40,27,22,19,16,15,16,12,16,11,12,17,16,10,11,11,11,16,22,21,15,10,10,10,9,15,16,11,10,15,11,15,14,15,18,21,26,39,40,0,0,0,0,0,0,0,0,0,0,0,0,0,0,0,0,0,0,0,0,0,0,0,0,0,0,0,0,0,0,0,0,0,0,0,0,0,0,0,0,0,0,0,0,0,0,0,0,0,0,0,0,0,0,0,0,0,0,0,0,0,0,0,0,0,0,0,0,0,0,0,0,0,0,0,0,0,0,0,0,0,0,0,0,0,0,0,0,0,0,0,0,0,0,0,0,0,
41,20,13,20,19,6,5,12,9,11,14,6,14,2,7,7,13,5,13,12,1,11,12,4,12,6,6,2,13,5,13,10,8,11,5,6,18,19,13,20,41,0,0,0,0,0,0,0,0,0,0,0,0,0,0,0,0,0,0,0,0,0,0,0,0,0,0,0,0,0,0,0,0,0,0,0,0,0,0,0,0,0,0,0,0,0,0,0,0,0,0,0,0,0,0,0,0,0,0,0,0,0,0,0,0,0,0,0,0,0,0,0,0,0,0,0,0,0,0,0,0,0,0,0,0,0,0,0,0,0,0,0,0,0,0,0,0,
42,42,29,22,18,18,17,14,14,14,15,11,13,18,16,11,12,10,12,16,23,22,15,11,9,11,10,15,17,12,10,14,13,13,13,16,17,17,21,28,41,42,0,0,0,0,0,0,0,0,0,0,0,0,0,0,0,0,0,0,0,0,0,0,0,0,0,0,0,0,0,0,0,0,0,0,0,0,0,0,0,0,0,0,0,0,0,0,0,0,0,0,0,0,0,0,0,0,0,0,0,0,0,0,0,0,0,0,0,0,0,0,0,0,0,0,0,0,0,0,0,0,0,0,0,0,0,0,0,0,0,0,0,0,0,0,0,
43,21,29,10,19,15,17,10,15,11,3,7,11,11,17,6,10,9,13,7,23,1,22,6,12,8,9,5,16,10,10,6,3,10,14,9,16,14,18,10,28,21,43,0,0,0,0,0,0,0,0,0,0,0,0,0,0,0,0,0,0,0,0,0,0,0,0,0,0,0,0,0,0,0,0,0,0,0,0,0,0,0,0,0,0,0,0,0,0,0,0,0,0,0,0,0,0,0,0,0,0,0,0,0,0,0,0,0,0,0,0,0,0,0,0,0,0,0,0,0,0,0,0,0,0,0,0,0,0,0,0,0,0,0,0,0,0,
44,44,14,24,8,14,16,13,4,8,17,8,13,14,2,13,10,4,11,6,9,24,23,8,5,10,3,9,12,2,13,12,7,16,7,4,12,15,13,8,23,14,43,44,0,0,0,0,0,0,0,0,0,0,0,0,0,0,0,0,0,0,0,0,0,0,0,0,0,0,0,0,0,0,0,0,0,0,0,0,0,0,0,0,0,0,0,0,0,0,0,0,0,0,0,0,0,0,0,0,0,0,0,0,0,0,0,0,0,0,0,0,0,0,0,0,0,0,0,0,0,0,0,0,0,0,0,0,0,0,0,0,0,0,0,0,0,
45,22,31,22,21,15,15,12,17,10,17,10,12,11,19,10,11,8,11,10,15,13,1,12,14,9,10,7,10,9,18,10,11,9,16,9,16,11,14,14,20,21,30,22,45,0,0,0,0,0,0,0,0,0,0,0,0,0,0,0,0,0,0,0,0,0,0,0,0,0,0,0,0,0,0,0,0,0,0,0,0,0,0,0,0,0,0,0,0,0,0,0,0,0,0,0,0,0,0,0,0,0,0,0,0,0,0,0,0,0,0,0,0,0,0,0,0,0,0,0,0,0,0,0,0,0,0,0,0,0,0,0,0,0,0,0,0,
46,46,31,24,21,18,16,16,17,13,14,16,10,12,19,18,12,9,14,12,14,18,25,24,17,13,11,13,8,11,17,18,11,9,15,13,12,16,15,15,17,20,23,30,45,46,0,0,0,0,0,0,0,0,0,0,0,0,0,0,0,0,0,0,0,0,0,0,0,0,0,0,0,0,0,0,0,0,0,0,0,0,0,0,0,0,0,0,0,0,0,0,0,0,0,0,0,0,0,0,0,0,0,0,0,0,0,0,0,0,0,0,0,0,0,0,0,0,0,0,0,0,0,0,0,0,0,0,0,0,0,0,0,0,0,0,0,
47,23,15,11,20,7,17,5,11,11,13,3,12,10,9,2,13,5,13,7,9,13,25,1,24,12,8,6,12,4,12,2,8,9,11,3,12,10,10,5,16,7,19,11,15,23,47,0,0,0,0,0,0,0,0,0,0,0,0,0,0,0,0,0,0,0,0,0,0,0,0,0,0,0,0,0,0,0,0,0,0,0,0,0,0,0,0,0,0,0,0,0,0,0,0,0,0,0,0,0,0,0,0,0,0,0,0,0,0,0,0,0,0,0,0,0,0,0,0,0,0,0,0,0,0,0,0,0,0,0,0,0,0,0,0,0,0,
48,48,33,26,21,20,6,18,15,16,14,18,13,6,13,20,18,10,10,14,5,14,18,26,25,17,13,4,13,9,9,17,19,12,5,12,17,13,15,14,17,6,19,20,25,32,47,48,0,0,0,0,0,0,0,0,0,0,0,0,0,0,0,0,0,0,0,0,0,0,0,0,0,0,0,0,0,0,0,0,0,0,0,0,0,0,0,0,0,0,0,0,0,0,0,0,0,0,0,0,0,0,0,0,0,0,0,0,0,0,0,0,0,0,0,0,0,0,0,0,0,0,0,0,0,0,0,0,0,0,0,0,0,0,0,0,0,
49,24,33,24,9,17,19,14,14,4,13,12,16,9,7,12,19,10,10,4,10,10,15,14,1,13,14,9,9,3,9,9,18,11,6,8,15,11,12,4,13,13,18,16,9,23,32,24,49,0,0,0,0,0,0,0,0,0,0,0,0,0,0,0,0,0,0,0,0,0,0,0,0,0,0,0,0,0,0,0,0,0,0,0,0,0,0,0,0,0,0,0,0,0,0,0,0,0,0,0,0,0,0,0,0,0,0,0,0,0,0,0,0,0,0,0,0,0,0,0,0,0,0,0,0,0,0,0,0,0,0,0,0,0,0,0,0,
50,50,16,26,23,16,19,16,11,18,12,10,17,11,9,16,2,8,12,13,8,14,13,10,27,26,9,12,13,7,12,11,7,2,15,8,10,16,9,11,17,10,15,18,15,22,25,16,49,50,0,0,0,0,0,0,0,0,0,0,0,0,0,0,0,0,0,0,0,0,0,0,0,0,0,0,0,0,0,0,0,0,0,0,0,0,0,0,0,0,0,0,0,0,0,0,0,0,0,0,0,0,0,0,0,0,0,0,0,0,0,0,0,0,0,0,0,0,0,0,0,0,0,0,0,0,0,0,0,0,0,0,0,0,0,0,0,
51,25,35,12,23,17,18,12,16,13,13,9,3,10,14,8,21,11,11,6,15,9,13,8,27,1,26,7,12,8,14,5,10,10,20,7,13,9,3,8,12,12,15,11,17,16,22,12,34,25,51,0,0,0,0,0,0,0,0,0,0,0,0,0,0,0,0,0,0,0,0,0,0,0,0,0,0,0,0,0,0,0,0,0,0,0,0,0,0,0,0,0,0,0,0,0,0,0,0,0,0,0,0,0,0,0,0,0,0,0,0,0,0,0,0,0,0,0,0,0,0,0,0,0,0,0,0,0,0,0,0,0,0,0,0,0,0,
52,52,35,28,22,20,17,15,17,16,16,14,19,13,13,14,21,20,12,11,14,12,14,14,20,28,27,19,13,13,11,13,10,11,19,20,13,12,12,18,13,15,15,16,14,16,19,21,27,34,51,52,0,0,0,0,0,0,0,0,0,0,0,0,0,0,0,0,0,0,0,0,0,0,0,0,0,0,0,0,0,0,0,0,0,0,0,0,0,0,0,0,0,0,0,0,0,0,0,0,0,0,0,0,0,0,0,0,0,0,0,0,0,0,0,0,0,0,0,0,0,0,0,0,0,0,0,0,0,0,0,0,0,0,0,0,0,
53,26,17,26,23,8,18,14,5,13,17,8,19,11,8,10,16,2,15,9,7,10,13,6,17,15,1,14,16,5,12,9,6,8,14,2,15,9,7,10,18,7,16,12,5,13,17,8,22,25,17,26,53,0,0,0,0,0,0,0,0,0,0,0,0,0,0,0,0,0,0,0,0,0,0,0,0,0,0,0,0,0,0,0,0,0,0,0,0,0,0,0,0,0,0,0,0,0,0,0,0,0,0,0,0,0,0,0,0,0,0,0,0,0,0,0,0,0,0,0,0,0,0,0,0,0,0,0,0,0,0,0,0,0,0,0,0,
54,54,37,28,10,22,19,18,19,10,4,13,16,18,7,14,15,22,20,6,9,4,11,13,7,20,29,28,19,6,12,10,3,8,5,19,21,14,13,6,17,15,12,4,9,18,17,18,21,10,27,36,53,54,0,0,0,0,0,0,0,0,0,0,0,0,0,0,0,0,0,0,0,0,0,0,0,0,0,0,0,0,0,0,0,0,0,0,0,0,0,0,0,0,0,0,0,0,0,0,0,0,0,0,0,0,0,0,0,0,0,0,0,0,0,0,0,0,0,0,0,0,0,0,0,0,0,0,0,0,0,0,0,0,0,0,0,
55,27,37,13,25,19,7,6,19,12,19,9,15,3,12,6,14,13,21,7,5,9,13,5,15,15,29,1,28,14,14,4,12,8,4,6,20,12,13,5,11,3,14,8,18,11,18,6,7,18,24,13,36,27,55,0,0,0,0,0,0,0,0,0,0,0,0,0,0,0,0,0,0,0,0,0,0,0,0,0,0,0,0,0,0,0,0,0,0,0,0,0,0,0,0,0,0,0,0,0,0,0,0,0,0,0,0,0,0,0,0,0,0,0,0,0,0,0,0,0,0,0,0,0,0,0,0,0,0,0,0,0,0,0,0,0,0,
56,56,18,30,25,18,21,20,13,15,19,10,13,20,9,13,13,10,2,15,8,11,16,8,12,16,11,30,29,10,15,11,7,15,10,7,14,2,9,12,12,8,19,12,9,18,14,12,19,20,17,24,29,18,55,56,0,0,0,0,0,0,0,0,0,0,0,0,0,0,0,0,0,0,0,0,0,0,0,0,0,0,0,0,0,0,0,0,0,0,0,0,0,0,0,0,0,0,0,0,0,0,0,0,0,0,0,0,0,0,0,0,0,0,0,0,0,0,0,0,0,0,0,0,0,0,0,0,0,0,0,0,0,0,0,0,0,
57,28,39,28,24,19,21,16,17,13,16,12,15,13,18,9,13,13,23,12,13,8,15,10,15,12,17,16,1,15,16,11,14,9,14,7,12,11,22,12,12,8,17,12,14,11,15,12,16,15,20,18,23,27,38,28,57,0,0,0,0,0,0,0,0,0,0,0,0,0,0,0,0,0,0,0,0,0,0,0,0,0,0,0,0,0,0,0,0,0,0,0,0,0,0,0,0,0,0,0,0,0,0,0,0,0,0,0,0,0,0,0,0,0,0,0,0,0,0,0,0,0,0,0,0,0,0,0,0,0,0,0,0,0,0,0,0,
58,58,39,30,25,22,20,18,16,18,15,18,14,16,19,13,15,13,23,22,14,13,12,16,13,13,16,22,31,30,21,15,12,12,15,11,12,13,21,22,12,14,12,18,15,13,17,14,17,15,17,19,21,24,29,38,57,58,0,0,0,0,0,0,0,0,0,0,0,0,0,0,0,0,0,0,0,0,0,0,0,0,0,0,0,0,0,0,0,0,0,0,0,0,0,0,0,0,0,0,0,0,0,0,0,0,0,0,0,0,0,0,0,0,0,0,0,0,0,0,0,0,0,0,0,0,0,0,0,0,0,0,0,0,0,0,0,
59,29,19,14,11,9,19,14,13,5,16,4,12,13,3,8,14,7,18,2,9,9,10,4,7,11,11,9,31,1,30,8,10,10,6,3,9,8,8,2,17,6,13,7,3,12,11,4,15,5,12,13,18,9,11,14,19,29,59,0,0,0,0,0,0,0,0,0,0,0,0,0,0,0,0,0,0,0,0,0,0,0,0,0,0,0,0,0,0,0,0,0,0,0,0,0,0,0,0,0,0,0,0,0,0,0,0,0,0,0,0,0,0,0,0,0,0,0,0,0,0,0,0,0,0,0,0,0,0,0,0,0,0,0,0,0,0,
60,60,41,32,27,24,20,17,18,20,15,20,14,14,21,15,12,12,15,24,22,13,12,15,13,14,14,15,22,32,31,21,14,13,13,12,14,11,12,21,23,14,11,11,14,20,13,13,19,14,19,17,16,19,23,26,31,40,59,60,0,0,0,0,0,0,0,0,0,0,0,0,0,0,0,0,0,0,0,0,0,0,0,0,0,0,0,0,0,0,0,0,0,0,0,0,0,0,0,0,0,0,0,0,0,0,0,0,0,0,0,0,0,0,0,0,0,0,0,0,0,0,0,0,0,0,0,0,0,0,0,0,0,0,0,0,0,
61,30,41,30,27,21,21,16,19,15,14,14,15,12,21,12,12,11,14,14,23,12,13,9,17,9,13,12,19,17,1,16,18,11,12,8,16,8,12,11,22,13,13,10,11,11,20,11,14,13,13,14,18,15,20,20,26,29,40,30,61,0,0,0,0,0,0,0,0,0,0,0,0,0,0,0,0,0,0,0,0,0,0,0,0,0,0,0,0,0,0,0,0,0,0,0,0,0,0,0,0,0,0,0,0,0,0,0,0,0,0,0,0,0,0,0,0,0,0,0,0,0,0,0,0,0,0,0,0,0,0,0,0,0,0,0,0,
62,62,20,32,26,20,8,20,6,18,15,12,18,8,11,20,13,6,15,18,2,17,12,7,16,12,5,6,16,12,33,32,11,15,5,4,11,15,6,11,16,2,17,14,5,12,19,10,7,17,11,14,17,6,19,8,19,25,31,20,61,62,0,0,0,0,0,0,0,0,0,0,0,0,0,0,0,0,0,0,0,0,0,0,0,0,0,0,0,0,0,0,0,0,0,0,0,0,0,0,0,0,0,0,0,0,0,0,0,0,0,0,0,0,0,0,0,0,0,0,0,0,0,0,0,0,0,0,0,0,0,0,0,0,0,0,0,
63,31,43,15,27,21,23,7,21,15,18,11,19,11,15,3,14,10,13,9,25,13,12,5,12,11,12,9,15,17,33,1,32,16,14,8,11,10,11,4,11,12,24,8,12,9,13,3,14,10,18,10,17,14,20,7,22,20,26,15,42,31,63,0,0,0,0,0,0,0,0,0,0,0,0,0,0,0,0,0,0,0,0,0,0,0,0,0,0,0,0,0,0,0,0,0,0,0,0,0,0,0,0,0,0,0,0,0,0,0,0,0,0,0,0,0,0,0,0,0,0,0,0,0,0,0,0,0,0,0,0,0,0,0,0,0,0,
64,64,43,34,12,24,23,22,21,12,19,16,4,13,9,22,15,11,13,8,25,24,14,12,6,4,13,16,16,8,24,34,33,23,7,15,15,12,3,5,11,13,23,24,7,12,10,14,21,8,12,4,15,18,11,20,21,22,23,12,33,42,63,64,0,0,0,0,0,0,0,0,0,0,0,0,0,0,0,0,0,0,0,0,0,0,0,0,0,0,0,0,0,0,0,0,0,0,0,0,0,0,0,0,0,0,0,0,0,0,0,0,0,0,0,0,0,0,0,0,0,0,0,0,0,0,0,0,0,0,0,0,0,0,0,0,0,
65,32,21,32,29,10,22,18,15,14,5,10,21,12,11,14,20,7,16,12,11,2,17,6,12,10,9,10,12,7,19,18,1,17,18,6,11,9,8,9,11,5,16,2,10,11,15,6,19,13,10,11,20,9,5,13,14,17,21,10,28,31,21,32,65,0,0,0,0,0,0,0,0,0,0,0,0,0,0,0,0,0,0,0,0,0,0,0,0,0,0,0,0,0,0,0,0,0,0,0,0,0,0,0,0,0,0,0,0,0,0,0,0,0,0,0,0,0,0,0,0,0,0,0,0,0,0,0,0,0,0,0,0,0,0,0,0,
66,66,45,34,29,26,21,20,19,17,21,15,21,15,16,18,21,12,15,14,17,26,24,13,14,11,18,12,16,16,18,24,35,34,23,17,15,15,11,17,10,13,12,23,25,16,13,14,11,20,17,15,14,20,14,20,16,18,19,20,25,28,33,44,65,66,0,0,0,0,0,0,0,0,0,0,0,0,0,0,0,0,0,0,0,0,0,0,0,0,0,0,0,0,0,0,0,0,0,0,0,0,0,0,0,0,0,0,0,0,0,0,0,0,0,0,0,0,0,0,0,0,0,0,0,0,0,0,0,0,0,0,0,0,0,0,0,
67,33,45,16,28,23,22,16,18,15,21,11,18,13,15,10,3,12,12,9,16,15,25,8,11,8,17,8,15,11,17,10,35,1,34,9,16,10,14,7,16,7,10,7,24,14,15,8,11,11,3,9,14,12,17,10,20,14,17,15,21,22,27,16,44,33,67,0,0,0,0,0,0,0,0,0,0,0,0,0,0,0,0,0,0,0,0,0,0,0,0,0,0,0,0,0,0,0,0,0,0,0,0,0,0,0,0,0,0,0,0,0,0,0,0,0,0,0,0,0,0,0,0,0,0,0,0,0,0,0,0,0,0,0,0,0,0,
68,68,22,36,29,22,23,19,15,20,18,12,17,20,10,16,23,10,12,16,11,20,2,10,14,13,8,18,11,10,15,18,13,36,35,12,17,14,9,10,17,7,12,13,9,2,19,10,15,11,9,22,15,9,19,16,11,17,19,14,18,22,21,28,35,22,67,68,0,0,0,0,0,0,0,0,0,0,0,0,0,0,0,0,0,0,0,0,0,0,0,0,0,0,0,0,0,0,0,0,0,0,0,0,0,0,0,0,0,0,0,0,0,0,0,0,0,0,0,0,0,0,0,0,0,0,0,0,0,0,0,0,0,0,0,0,0,
69,34,47,34,13,23,9,18,20,6,17,14,15,4,9,12,23,13,14,6,7,15,27,14,7,10,12,4,13,5,15,14,21,19,1,18,20,13,14,4,12,3,11,9,6,13,26,14,6,5,13,12,22,11,8,4,14,13,16,6,19,17,9,22,13,33,46,34,69,0,0,0,0,0,0,0,0,0,0,0,0,0,0,0,0,0,0,0,0,0,0,0,0,0,0,0,0,0,0,0,0,0,0,0,0,0,0,0,0,0,0,0,0,0,0,0,0,0,0,0,0,0,0,0,0,0,0,0,0,0,0,0,0,0,0,0,0,
70,70,47,36,31,26,25,22,21,22,18,20,17,22,14,16,18,22,13,15,12,16,27,26,16,12,11,17,15,12,14,14,17,26,37,36,25,16,13,13,11,14,16,10,11,15,25,26,15,11,14,12,21,17,15,13,21,16,19,17,21,20,21,24,25,30,35,46,69,70,0,0,0,0,0,0,0,0,0,0,0,0,0,0,0,0,0,0,0,0,0,0,0,0,0,0,0,0,0,0,0,0,0,0,0,0,0,0,0,0,0,0,0,0,0,0,0,0,0,0,0,0,0,0,0,0,0,0,0,0,0,0,0,0,0,0,0,
71,35,23,17,31,11,25,8,7,17,17,5,16,15,11,8,17,3,14,8,10,12,20,2,19,11,5,7,19,7,17,6,13,19,37,1,36,18,12,5,16,6,18,6,4,10,18,2,19,11,9,7,13,3,16,7,10,14,15,5,16,16,7,8,24,11,30,17,23,35,71,0,0,0,0,0,0,0,0,0,0,0,0,0,0,0,0,0,0,0,0,0,0,0,0,0,0,0,0,0,0,0,0,0,0,0,0,0,0,0,0,0,0,0,0,0,0,0,0,0,0,0,0,0,0,0,0,0,0,0,0,0,0,0,0,0,0,
72,72,49,38,30,28,24,24,23,20,16,22,14,18,20,15,16,24,17,13,17,16,17,28,26,15,12,11,18,14,15,13,15,18,26,38,37,25,17,14,12,14,13,17,10,11,14,25,27,16,15,16,12,16,23,15,14,19,17,13,21,15,19,22,23,23,27,29,37,48,71,72,0,0,0,0,0,0,0,0,0,0,0,0,0,0,0,0,0,0,0,0,0,0,0,0,0,0,0,0,0,0,0,0,0,0,0,0,0,0,0,0,0,0,0,0,0,0,0,0,0,0,0,0,0,0,0,0,0,0,0,0,0,0,0,0,0,
73,36,49,36,31,25,23,20,23,17,17,16,16,15,21,11,15,15,22,11,16,11,15,16,27,14,13,9,14,12,12,12,17,14,21,20,1,19,20,13,16,11,11,11,13,8,12,13,26,15,14,10,15,10,21,14,14,10,20,14,15,15,16,16,22,19,22,24,30,35,48,36,73,0,0,0,0,0,0,0,0,0,0,0,0,0,0,0,0,0,0,0,0,0,0,0,0,0,0,0,0,0,0,0,0,0,0,0,0,0,0,0,0,0,0,0,0,0,0,0,0,0,0,0,0,0,0,0,0,0,0,0,0,0,0,0,0,
74,74,24,38,14,24,24,22,17,14,20,14,17,16,4,15,15,12,23,8,9,14,15,12,2,19,10,15,12,4,12,16,10,16,9,14,39,38,13,8,15,9,15,11,3,11,14,9,18,2,11,14,13,8,7,22,11,14,14,4,15,16,13,19,13,16,21,23,23,14,37,24,73,74,0,0,0,0,0,0,0,0,0,0,0,0,0,0,0,0,0,0,0,0,0,0,0,0,0,0,0,0,0,0,0,0,0,0,0,0,0,0,0,0,0,0,0,0,0,0,0,0,0,0,0,0,0,0,0,0,0,0,0,0,0,0,0,
75,37,51,18,33,25,25,18,21,16,21,13,20,14,23,10,17,15,3,9,11,12,16,10,29,15,15,8,10,11,15,8,15,13,17,11,39,1,38,10,16,12,14,7,14,10,9,7,14,14,28,9,15,11,10,8,3,14,16,9,22,13,19,12,20,15,20,17,24,24,32,18,50,37,75,0,0,0,0,0,0,0,0,0,0,0,0,0,0,0,0,0,0,0,0,0,0,0,0,0,0,0,0,0,0,0,0,0,0,0,0,0,0,0,0,0,0,0,0,0,0,0,0,0,0,0,0,0,0,0,0,0,0,0,0,0,0,
76,76,51,40,33,28,10,21,20,19,6,18,21,10,23,17,16,15,25,17,7,6,15,16,29,28,16,6,14,13,20,14,5,15,7,20,28,40,39,27,19,6,14,4,13,19,12,13,5,15,27,28,15,14,5,6,16,24,14,15,16,22,9,20,17,6,18,19,20,10,27,32,39,50,75,76,0,0,0,0,0,0,0,0,0,0,0,0,0,0,0,0,0,0,0,0,0,0,0,0,0,0,0,0,0,0,0,0,0,0,0,0,0,0,0,0,0,0,0,0,0,0,0,0,0,0,0,0,0,0,0,0,0,0,0,0,0,
77,38,25,38,32,12,27,20,17,17,23,12,5,13,13,14,14,9,25,14,10,11,13,8,22,2,11,11,15,6,19,12,9,12,15,8,23,21,1,20,22,7,14,11,8,11,18,5,14,10,10,2,21,7,12,10,9,13,24,8,13,13,12,12,5,11,22,16,16,19,26,12,31,37,25,38,77,0,0,0,0,0,0,0,0,0,0,0,0,0,0,0,0,0,0,0,0,0,0,0,0,0,0,0,0,0,0,0,0,0,0,0,0,0,0,0,0,0,0,0,0,0,0,0,0,0,0,0,0,0,0,0,0,0,0,0,0,
78,78,53,40,33,30,27,24,22,22,23,17,23,15,17,22,14,14,20,24,15,13,15,15,19,30,28,14,11,11,14,20,13,18,16,18,20,28,41,40,27,19,17,15,17,12,19,13,10,10,13,27,29,18,14,14,12,14,23,19,13,13,21,16,14,22,16,22,21,21,23,26,29,32,39,52,77,78,0,0,0,0,0,0,0,0,0,0,0,0,0,0,0,0,0,0,0,0,0,0,0,0,0,0,0,0,0,0,0,0,0,0,0,0,0,0,0,0,0,0,0,0,0,0,0,0,0,0,0,0,0,0,0,0,0,0,0,
79,39,53,19,15,27,26,9,23,7,20,13,23,14,11,4,15,13,17,3,16,10,18,7,9,17,29,9,15,5,11,4,13,11,9,11,19,21,41,1,40,20,18,10,8,10,12,3,10,4,14,8,28,16,8,6,17,9,15,3,16,12,14,4,10,13,22,12,19,7,22,9,25,26,15,19,52,39,79,0,0,0,0,0,0,0,0,0,0,0,0,0,0,0,0,0,0,0,0,0,0,0,0,0,0,0,0,0,0,0,0,0,0,0,0,0,0,0,0,0,0,0,0,0,0,0,0,0,0,0,0,0,0,0,0,0,0,
80,80,26,42,35,26,25,26,8,24,19,14,20,17,13,24,16,8,16,26,11,15,17,10,17,22,2,21,14,9,11,19,10,11,18,6,18,19,15,42,41,14,18,17,5,17,10,9,18,10,8,13,20,2,21,16,9,16,14,10,25,15,7,15,23,12,16,19,13,18,23,8,25,24,25,34,41,26,79,80,0,0,0,0,0,0,0,0,0,0,0,0,0,0,0,0,0,0,0,0,0,0,0,0,0,0,0,0,0,0,0,0,0,0,0,0,0,0,0,0,0,0,0,0,0,0,0,0,0,0,0,0,0,0,0,0,0,
81,40,55,40,35,27,26,22,25,19,20,16,19,15,18,16,17,12,17,16,24,11,14,12,14,17,31,16,15,10,14,11,21,11,17,11,14,16,23,22,1,21,22,15,13,10,16,10,20,10,13,9,14,15,30,16,13,11,13,10,23,15,16,11,16,15,17,14,18,15,19,18,24,21,25,26,34,39,54,40,81,0,0,0,0,0,0,0,0,0,0,0,0,0,0,0,0,0,0,0,0,0,0,0,0,0,0,0,0,0,0,0,0,0,0,0,0,0,0,0,0,0,0,0,0,0,0,0,0,0,0,0,0,0,0,0,0,
82,82,55,42,34,30,27,24,25,22,19,22,17,22,17,20,22,13,15,20,25,15,12,18,17,18,31,30,18,15,16,13,20,14,13,15,18,17,20,30,43,42,29,19,16,17,14,12,13,19,12,15,14,17,29,30,17,16,17,11,14,24,19,14,12,21,19,16,21,16,21,18,21,24,23,26,29,33,41,54,81,82,0,0,0,0,0,0,0,0,0,0,0,0,0,0,0,0,0,0,0,0,0,0,0,0,0,0,0,0,0,0,0,0,0,0,0,0,0,0,0,0,0,0,0,0,0,0,0,0,0,0,0,0,0,0,0,
83,41,27,20,35,13,11,20,19,19,18,6,19,5,12,12,23,9,15,11,3,14,14,6,15,14,13,2,21,7,13,7,9,13,7,5,14,13,15,12,43,1,42,11,14,12,13,4,6,12,8,6,12,6,20,2,12,13,14,5,13,13,3,10,14,8,22,11,11,5,18,6,17,18,18,19,11,13,34,20,27,41,83,0,0,0,0,0,0,0,0,0,0,0,0,0,0,0,0,0,0,0,0,0,0,0,0,0,0,0,0,0,0,0,0,0,0,0,0,0,0,0,0,0,0,0,0,0,0,0,0,0,0,0,0,0,0,
84,84,57,44,16,32,29,23,23,16,19,24,18,24,11,18,4,14,18,10,27,19,15,17,9,15,19,32,30,8,14,15,12,4,8,14,14,18,16,10,30,44,43,29,9,15,17,13,13,7,3,11,14,13,7,29,31,18,14,8,16,14,18,26,9,17,13,4,17,10,23,17,23,18,15,22,22,28,31,16,43,56,83,84,0,0,0,0,0,0,0,0,0,0,0,0,0,0,0,0,0,0,0,0,0,0,0,0,0,0,0,0,0,0,0,0,0,0,0,0,0,0,0,0,0,0,0,0,0,0,0,0,0,0,0,0,0,
85,42,57,42,37,29,29,22,22,18,22,18,16,17,16,14,25,14,17,14,27,15,14,11,15,13,18,18,31,16,14,11,12,12,17,10,19,12,17,16,25,23,1,22,24,15,16,11,18,9,16,11,11,10,13,15,30,17,17,12,14,10,13,14,26,13,16,13,24,13,15,16,15,17,21,17,21,21,28,28,36,41,56,42,85,0,0,0,0,0,0,0,0,0,0,0,0,0,0,0,0,0,0,0,0,0,0,0,0,0,0,0,0,0,0,0,0,0,0,0,0,0,0,0,0,0,0,0,0,0,0,0,0,0,0,0,0,
86,86,28,44,37,28,28,26,19,21,23,16,18,20,13,18,25,12,14,16,13,26,14,9,19,16,13,24,2,12,16,12,8,13,22,10,17,15,12,17,22,16,45,44,15,21,16,11,14,16,9,21,12,7,11,15,11,2,23,12,15,18,8,13,25,12,15,13,11,24,17,12,19,17,15,22,20,18,25,27,27,36,43,28,85,86,0,0,0,0,0,0,0,0,0,0,0,0,0,0,0,0,0,0,0,0,0,0,0,0,0,0,0,0,0,0,0,0,0,0,0,0,0,0,0,0,0,0,0,0,0,0,0,0,0,0,0,
87,43,59,21,36,29,27,10,24,19,7,15,19,17,22,10,20,15,14,11,19,3,16,7,18,11,16,11,33,17,17,6,5,10,21,9,12,13,17,7,19,23,45,1,44,22,18,6,16,12,11,8,20,9,4,5,16,16,32,10,15,10,17,6,15,3,18,10,13,14,19,9,21,16,18,14,7,18,23,10,26,28,35,21,58,43,87,0,0,0,0,0,0,0,0,0,0,0,0,0,0,0,0,0,0,0,0,0,0,0,0,0,0,0,0,0,0,0,0,0,0,0,0,0,0,0,0,0,0,0,0,0,0,0,0,0,0,
88,88,59,46,37,32,28,28,25,24,25,20,22,18,23,17,19,24,16,18,18,28,19,14,14,14,15,17,33,32,18,13,14,10,16,22,15,18,14,16,18,22,32,46,45,31,21,17,15,13,17,14,21,15,9,13,12,17,31,32,16,14,13,13,13,18,27,17,17,15,23,18,16,22,17,21,19,24,23,24,27,27,31,36,45,58,87,88,0,0,0,0,0,0,0,0,0,0,0,0,0,0,0,0,0,0,0,0,0,0,0,0,0,0,0,0,0,0,0,0,0,0,0,0,0,0,0,0,0,0,0,0,0,0,0,0,0,
89,44,29,44,17,14,29,24,9,8,25,14,23,16,5,13,18,4,15,8,13,17,26,8,8,13,7,14,24,2,23,13,9,10,7,4,15,11,11,6,19,9,25,24,1,23,24,8,18,5,10,10,14,3,6,9,8,12,22,2,23,13,6,12,7,7,25,16,12,7,14,4,17,12,5,15,22,13,24,8,9,23,28,14,17,43,29,44,89,0,0,0,0,0,0,0,0,0,0,0,0,0,0,0,0,0,0,0,0,0,0,0,0,0,0,0,0,0,0,0,0,0,0,0,0,0,0,0,0,0,0,0,0,0,0,0,0,
90,90,61,46,39,34,12,26,27,26,22,19,6,12,25,17,17,26,16,17,9,22,27,15,14,6,14,8,21,34,32,17,16,17,6,21,17,14,5,13,15,8,21,32,47,46,31,20,7,14,12,4,13,16,20,5,16,15,16,31,33,20,7,13,5,13,14,26,21,8,16,15,25,16,16,24,11,6,18,21,25,26,25,12,33,38,45,60,89,90,0,0,0,0,0,0,0,0,0,0,0,0,0,0,0,0,0,0,0,0,0,0,0,0,0,0,0,0,0,0,0,0,0,0,0,0,0,0,0,0,0,0,0,0,0,0,0,
91,45,61,22,39,31,31,22,27,21,21,15,25,15,25,12,17,17,19,10,14,17,3,10,16,12,15,11,18,19,33,10,14,11,12,8,23,11,14,10,19,15,21,13,47,1,46,12,20,14,18,9,13,10,22,7,11,10,13,9,32,18,17,10,14,11,15,9,3,16,13,9,18,16,16,11,24,14,24,14,20,20,26,21,30,30,38,22,60,45,91,0,0,0,0,0,0,0,0,0,0,0,0,0,0,0,0,0,0,0,0,0,0,0,0,0,0,0,0,0,0,0,0,0,0,0,0,0,0,0,0,0,0,0,0,0,0,
92,92,30,48,38,30,31,25,21,24,22,16,25,17,15,19,19,14,24,15,12,18,29,12,13,13,11,18,17,14,2,23,12,14,16,9,22,16,9,20,14,12,20,22,17,48,47,16,21,19,11,13,19,8,15,21,8,15,13,11,22,2,13,16,17,10,12,12,11,28,17,11,14,23,13,18,18,14,16,24,15,21,23,20,24,30,29,37,47,30,91,92,0,0,0,0,0,0,0,0,0,0,0,0,0,0,0,0,0,0,0,0,0,0,0,0,0,0,0,0,0,0,0,0,0,0,0,0,0,0,0,0,0,0,0,0,0,
93,46,63,46,39,31,30,24,25,21,21,18,22,16,19,16,18,17,25,13,19,14,29,16,16,10,20,12,18,19,35,18,16,12,17,9,16,14,15,12,15,14,17,18,27,25,1,24,26,17,16,13,14,11,14,13,15,8,16,11,15,17,34,18,17,11,19,9,15,15,28,13,18,12,24,16,17,15,18,15,21,17,20,20,24,23,29,30,38,45,62,46,93,0,0,0,0,0,0,0,0,0,0,0,0,0,0,0,0,0,0,0,0,0,0,0,0,0,0,0,0,0,0,0,0,0,0,0,0,0,0,0,0,0,0,0,0,
94,94,63,48,18,34,29,28,24,18,20,24,21,19,13,24,16,17,4,10,18,18,22,28,9,15,19,14,14,10,35,34,20,15,8,13,14,4,15,8,20,17,17,20,11,34,49,48,33,10,19,16,16,19,7,14,3,13,12,7,14,19,33,34,9,13,13,18,14,8,27,21,17,17,9,4,16,15,23,12,18,20,23,19,17,23,27,28,33,18,47,62,93,94,0,0,0,0,0,0,0,0,0,0,0,0,0,0,0,0,0,0,0,0,0,0,0,0,0,0,0,0,0,0,0,0,0,0,0,0,0,0,0,0,0,0,0,
95,47,31,23,41,15,30,11,21,20,21,7,19,17,15,5,16,11,27,11,11,13,19,3,18,12,10,10,18,9,26,2,13,13,15,5,14,13,11,7,19,9,17,13,17,25,49,1,48,24,16,12,16,8,18,6,10,12,13,4,14,12,12,2,25,8,17,9,9,11,17,3,18,12,10,10,26,10,15,5,14,16,18,7,20,19,20,11,29,15,40,23,31,47,95,0,0,0,0,0,0,0,0,0,0,0,0,0,0,0,0,0,0,0,0,0,0,0,0,0,0,0,0,0,0,0,0,0,0,0,0,0,0,0,0,0,0,
96,96,65,50,41,36,31,30,26,23,24,26,21,24,20,26,17,16,27,19,13,16,17,30,21,14,14,20,17,18,21,36,34,17,14,14,11,15,24,14,13,17,18,18,19,24,34,50,49,33,23,18,17,17,16,12,13,23,14,10,13,13,16,33,35,20,17,16,19,13,13,20,29,16,15,12,18,26,15,16,25,19,23,20,25,23,22,25,29,30,35,40,49,64,95,96,0,0,0,0,0,0,0,0,0,0,0,0,0,0,0,0,0,0,0,0,0,0,0,0,0,0,0,0,0,0,0,0,0,0,0,0,0,0,0,0,0,
97,48,65,48,40,33,13,26,27,21,25,20,20,6,19,18,18,15,22,16,9,14,17,18,28,13,13,6,13,13,20,20,35,18,7,10,16,10,23,14,14,5,14,14,16,18,27,26,1,25,26,17,15,13,13,4,13,13,22,9,15,9,6,17,34,19,19,12,12,5,12,12,27,17,16,13,8,15,21,14,17,17,18,6,19,19,24,20,26,25,13,32,39,47,64,48,97,0,0,0,0,0,0,0,0,0,0,0,0,0,0,0,0,0,0,0,0,0,0,0,0,0,0,0,0,0,0,0,0,0,0,0,0,0,0,0,0,
98,98,32,50,41,32,33,28,10,26,8,18,18,26,14,22,19,10,19,26,12,8,18,14,29,17,7,19,15,12,19,26,2,25,16,6,18,13,10,24,14,10,16,6,7,18,24,18,51,50,17,23,17,6,5,15,9,13,23,9,12,17,5,15,24,2,25,18,11,14,18,6,16,28,13,17,7,11,25,18,9,18,21,13,25,17,17,8,25,10,27,32,31,40,49,32,97,98,0,0,0,0,0,0,0,0,0,0,0,0,0,0,0,0,0,0,0,0,0,0,0,0,0,0,0,0,0,0,0,0,0,0,0,0,0,0,0,
99,49,67,24,19,33,33,24,29,9,27,17,20,19,13,14,24,14,18,4,17,13,17,12,3,16,14,9,17,7,17,12,37,19,9,10,13,10,14,4,14,10,21,10,11,15,21,14,51,1,50,13,20,14,10,9,20,9,13,3,13,9,12,9,8,18,36,11,16,6,16,8,13,15,3,11,16,12,16,4,17,13,23,13,12,18,19,16,26,9,28,23,32,32,19,24,66,49,99,0,0,0,0,0,0,0,0,0,0,0,0,0,0,0,0,0,0,0,0,0,0,0,0,0,0,0,0,0,0,0,0,0,0,0,0,0,0,
100,100,67,52,43,36,32,27,29,28,27,22,21,22,18,20,25,15,19,28,18,15,15,18,31,21,15,13,21,14,17,20,37,36,20,17,13,17,14,23,19,16,19,14,20,20,19,23,36,52,51,35,22,18,19,19,13,18,15,18,22,13,16,12,16,19,35,36,19,16,13,20,12,14,20,30,17,14,14,17,27,18,14,24,19,17,21,20,21,26,27,28,26,31,35,42,51,66,99,100,0,0,0,0,0,0,0,0,0,0,0,0,0,0,0,0,0,0,0,0,0,0,0,0,0,0,0,0,0,0,0,0,0,0,0,0,0,
101,50,33,50,43,16,31,26,23,23,24,16,24,19,15,16,5,11,17,18,13,12,17,10,31,17,12,11,20,9,16,16,15,2,25,8,17,12,8,13,25,8,14,14,11,13,19,10,29,27,1,26,28,9,18,12,10,13,13,7,24,12,7,11,16,7,24,2,14,15,15,8,19,10,11,16,30,9,16,11,12,17,16,10,5,15,14,18,23,15,23,22,22,25,30,16,42,49,33,50,101,0,0,0,0,0,0,0,0,0,0,0,0,0,0,0,0,0,0,0,0,0,0,0,0,0,0,0,0,0,0,0,0,0,0,0,0,
102,102,69,52,42,38,32,30,27,26,23,21,25,20,24,20,27,16,17,22,26,17,20,17,24,30,17,17,16,16,19,16,23,38,36,19,13,14,13,13,24,16,15,20,16,20,20,20,24,36,53,52,35,23,19,19,19,15,19,14,15,23,12,12,13,12,18,35,37,22,15,18,15,15,16,16,29,23,16,19,16,25,21,16,15,26,19,23,19,24,20,22,25,26,29,31,37,41,51,68,101,102,0,0,0,0,0,0,0,0,0,0,0,0,0,0,0,0,0,0,0,0,0,0,0,0,0,0,0,0,0,0,0,0,0,0,0,
103,51,69,25,43,35,33,12,26,23,24,17,7,18,25,12,27,16,20,13,27,13,19,9,21,3,18,10,14,14,17,8,19,21,37,11,17,11,5,6,18,15,13,9,17,13,16,8,23,27,53,1,52,26,22,7,15,12,16,8,12,14,17,5,4,10,16,10,36,20,18,7,16,13,13,9,17,3,20,8,18,12,26,12,19,15,26,11,24,17,7,16,23,22,25,12,32,34,42,25,68,51,103,0,0,0,0,0,0,0,0,0,0,0,0,0,0,0,0,0,0,0,0,0,0,0,0,0,0,0,0,0,0,0,0,0,0,
104,104,34,54,20,34,14,32,23,20,23,18,27,14,6,19,22,14,19,12,4,17,16,12,11,32,13,8,12,6,14,15,15,28,2,14,18,17,10,7,13,4,15,13,5,15,17,14,9,12,19,54,53,18,11,8,13,16,14,4,12,14,3,12,6,9,16,17,13,2,27,14,14,13,5,11,7,12,31,10,11,15,16,4,11,18,13,21,18,6,13,26,17,22,19,22,31,14,33,20,53,34,103,104,0,0,0,0,0,0,0,0,0,0,0,0,0,0,0,0,0,0,0,0,0,0,0,0,0,0,0,0,0,0,0,0,0,
105,52,71,52,45,35,35,28,28,22,22,20,27,17,27,15,21,17,16,16,29,16,14,14,19,19,30,13,16,13,14,14,17,21,39,20,19,12,13,11,13,14,19,12,16,14,19,14,21,20,29,28,1,27,28,19,20,13,18,13,15,11,18,13,12,10,12,11,18,19,38,20,16,13,13,12,15,12,29,18,18,13,13,15,28,15,15,16,20,14,26,16,26,19,21,21,27,27,34,34,44,51,70,52,105,0,0,0,0,0,0,0,0,0,0,0,0,0,0,0,0,0,0,0,0,0,0,0,0,0,0,0,0,0,0,0,0,
106,106,71,54,45,38,35,30,29,25,23,26,24,19,27,19,20,26,16,18,29,21,16,20,16,24,31,16,17,15,17,18,19,20,39,38,22,16,16,19,13,15,26,16,13,22,13,16,18,22,26,38,55,54,37,25,21,17,15,12,21,12,15,25,14,12,18,15,15,21,37,38,19,18,17,16,14,16,15,30,23,15,19,15,20,28,17,15,25,19,18,26,18,23,25,22,24,28,29,34,37,44,53,70,105,106,0,0,0,0,0,0,0,0,0,0,0,0,0,0,0,0,0,0,0,0,0,0,0,0,0,0,0,0,0,0,0,
107,53,35,26,44,17,34,26,11,23,26,8,23,18,17,14,19,5,18,13,15,17,17,8,19,19,3,11,13,8,22,10,12,16,28,2,27,15,11,9,12,7,25,10,7,13,15,6,19,17,19,15,55,1,54,14,18,16,18,5,14,12,6,9,24,6,11,8,10,14,26,2,27,15,11,9,21,7,12,10,3,18,18,7,16,16,14,12,17,5,18,13,16,17,22,8,25,22,11,25,33,17,43,26,35,53,107,0,0,0,0,0,0,0,0,0,0,0,0,0,0,0,0,0,0,0,0,0,0,0,0,0,0,0,0,0,0,
108,108,73,56,45,40,33,29,31,28,27,28,21,21,21,21,19,28,17,20,21,28,16,19,17,20,33,23,17,13,21,16,17,18,23,40,38,18,16,12,18,15,18,26,14,14,22,15,17,17,22,26,38,56,55,37,25,21,16,16,14,21,13,13,25,17,14,17,11,15,17,37,39,22,17,16,15,20,12,16,22,32,19,16,18,15,27,20,19,16,27,18,20,20,20,20,27,26,27,30,28,32,39,44,55,72,107,108,0,0,0,0,0,0,0,0,0,0,0,0,0,0,0,0,0,0,0,0,0,0,0,0,0,0,0,0,0,
109,54,73,54,21,37,34,28,31,10,9,22,23,19,15,18,21,19,18,10,20,4,16,13,11,16,33,18,16,7,16,14,7,15,11,22,39,20,15,6,19,9,14,4,9,11,21,13,21,7,19,20,31,29,1,28,30,19,18,6,20,12,20,10,8,3,13,8,18,5,14,19,38,21,10,14,6,13,15,6,15,17,32,15,10,12,15,4,19,9,17,18,20,17,14,18,22,21,9,10,30,27,33,36,21,53,72,54,109,0,0,0,0,0,0,0,0,0,0,0,0,0,0,0,0,0,0,0,0,0,0,0,0,0,0,0,0,
110,110,36,56,47,36,35,32,25,30,29,20,22,26,17,26,20,16,21,19,15,30,18,11,17,17,15,32,17,11,13,22,11,17,19,16,2,27,14,15,14,9,12,25,12,14,15,12,16,16,14,21,25,20,57,56,19,24,20,13,15,15,11,14,13,11,24,11,8,13,14,13,26,2,15,18,16,10,21,12,10,16,31,14,16,16,10,17,29,14,18,20,15,19,25,16,25,21,19,28,29,24,31,34,35,46,55,36,109,110,0,0,0,0,0,0,0,0,0,0,0,0,0,0,0,0,0,0,0,0,0,0,0,0,0,0,0,
111,55,75,27,47,37,15,13,29,25,29,19,20,7,22,6,18,19,26,12,11,19,21,9,21,15,21,3,20,12,13,6,15,14,9,13,41,21,19,7,13,5,14,9,27,13,12,5,9,15,21,15,23,29,57,1,56,28,22,14,20,14,8,4,11,12,26,8,13,4,12,6,18,20,40,12,8,13,14,5,12,11,19,3,20,14,20,8,20,18,10,11,25,18,17,6,21,7,19,18,28,24,28,13,15,36,46,27,74,55,111,0,0,0,0,0,0,0,0,0,0,0,0,0,0,0,0,0,0,0,0,0,0,0,0,0,0,
112,112,75,58,46,40,37,34,28,28,26,24,22,28,21,28,18,19,27,17,16,24,28,16,20,18,20,34,23,17,16,21,15,20,17,22,41,40,22,16,18,16,13,15,26,18,17,16,16,19,15,19,20,26,40,58,57,39,25,19,18,14,18,15,15,16,17,25,14,12,15,17,15,21,39,40,21,16,19,14,20,15,16,22,33,19,17,19,15,27,23,15,16,26,18,17,27,20,27,21,23,25,27,27,33,36,39,45,57,74,111,112,0,0,0,0,0,0,0,0,0,0,0,0,0,0,0,0,0,0,0,0,0,0,0,0,0,
113,56,37,56,47,18,37,30,25,25,25,18,23,21,16,20,19,13,5,15,14,19,29,10,16,13,15,20,32,9,18,13,12,13,18,10,30,2,15,15,14,8,18,11,11,16,15,8,23,12,13,16,18,11,31,30,1,29,30,10,17,15,12,11,22,7,14,15,10,10,17,7,13,14,14,2,29,9,17,12,11,12,17,8,31,19,14,12,15,9,28,18,13,14,5,12,18,19,15,20,22,17,24,24,24,29,36,18,46,55,37,56,113,0,0,0,0,0,0,0,0,0,0,0,0,0,0,0,0,0,0,0,0,0,0,0,0,
114,114,77,58,22,42,36,32,30,22,26,23,26,24,15,24,20,18,29,12,21,20,4,17,10,16,18,26,33,10,15,15,23,13,11,20,25,42,40,10,18,16,20,12,8,4,17,16,21,10,20,16,20,21,13,40,59,58,39,12,20,19,15,19,9,20,15,16,3,7,11,19,15,17,9,39,41,24,19,10,12,22,14,14,9,32,25,17,15,9,16,4,19,20,11,28,17,19,23,14,23,25,22,25,21,29,31,35,41,22,57,76,113,114,0,0,0,0,0,0,0,0,0,0,0,0,0,0,0,0,0,0,0,0,0,0,0,
115,57,77,28,49,39,35,28,31,24,25,19,27,21,20,16,21,17,29,13,20,16,31,12,16,15,17,13,3,18,16,9,22,13,20,13,22,23,41,12,17,13,15,8,13,15,21,10,13,15,14,12,19,17,25,16,59,1,58,15,24,16,18,11,13,14,12,9,20,14,12,7,14,12,16,11,40,22,21,12,19,12,21,8,15,17,3,12,16,14,15,11,30,15,19,12,28,16,20,15,19,20,26,18,24,23,30,27,34,38,48,28,76,57,115,0,0,0,0,0,0,0,0,0,0,0,0,0,0,0,0,0,0,0,0,0,0,
116,116,38,60,49,38,36,31,12,27,24,20,8,22,17,22,26,12,24,21,13,20,31,14,18,8,9,19,35,14,16,17,11,16,19,8,21,30,2,29,18,11,13,19,6,17,28,12,13,22,12,6,19,8,22,28,21,60,59,20,27,21,7,18,5,11,21,12,11,27,16,5,18,12,10,17,28,2,29,20,7,18,15,10,16,15,13,34,18,8,7,17,13,30,19,12,20,23,11,25,21,16,21,8,19,23,26,12,30,35,37,48,59,38,115,116,0,0,0,0,0,0,0,0,0,0,0,0,0,0,0,0,0,0,0,0,0,
117,58,79,58,48,39,37,30,33,25,25,22,29,20,26,18,27,16,21,18,15,15,24,18,15,14,16,16,35,19,18,13,14,15,15,13,20,23,43,22,21,14,17,13,12,12,27,16,17,13,19,13,17,16,21,22,33,31,1,30,32,21,20,15,16,12,18,12,16,15,26,11,11,12,16,13,20,21,42,22,19,12,14,14,13,12,17,18,34,15,15,13,14,17,23,14,14,17,20,15,26,17,25,19,28,21,24,24,32,29,36,38,47,57,78,58,117,0,0,0,0,0,0,0,0,0,0,0,0,0,0,0,0,0,0,0,0,
118,118,79,60,49,42,16,34,33,30,28,28,29,16,27,22,6,17,20,28,11,18,21,30,18,15,17,10,26,34,19,14,14,6,9,17,16,21,43,42,24,8,16,13,15,13,20,28,8,13,5,17,22,20,22,10,28,42,61,60,41,27,9,21,19,21,16,4,12,7,27,19,12,14,12,15,7,23,41,42,20,15,16,8,5,13,13,18,33,25,9,16,14,17,29,20,17,10,27,19,16,6,21,26,15,28,27,27,29,32,33,16,41,48,59,78,117,118,0,0,0,0,0,0,0,0,0,0,0,0,0,0,0,0,0,0,0,
119,59,39,29,23,19,39,14,27,11,29,9,26,19,7,14,29,13,21,5,14,16,19,4,11,12,13,13,23,3,20,8,10,14,10,7,20,18,17,2,29,9,16,9,5,10,16,4,17,7,11,11,16,11,13,9,21,31,61,1,60,30,20,8,12,10,15,10,10,6,16,3,15,9,4,8,15,8,28,2,16,17,19,6,9,13,9,7,19,3,22,12,12,11,10,4,18,15,13,5,20,12,28,13,7,18,25,9,28,11,26,14,38,19,23,29,39,59,119,0,0,0,0,0,0,0,0,0,0,0,0,0,0,0,0,0,0,
120,120,81,62,51,44,39,36,31,32,10,30,25,21,29,21,29,18,19,30,19,10,19,32,20,17,22,20,20,36,25,15,7,15,19,16,16,19,25,44,42,21,16,6,16,13,14,27,21,13,15,24,16,22,7,22,24,27,42,62,61,41,26,23,21,6,21,15,23,14,12,20,26,13,12,15,5,15,20,41,43,24,18,15,15,18,14,6,14,24,35,19,19,21,16,19,31,18,9,18,29,18,17,28,20,28,20,24,29,10,31,30,35,38,43,50,61,80,119,120,0,0,0,0,0,0,0,0,0,0,0,0,0,0,0,0,0,
121,60,81,60,51,41,38,32,30,27,31,24,23,20,29,17,24,18,19,20,20,15,20,20,23,14,21,14,19,21,34,15,16,12,24,12,16,15,22,24,43,22,19,13,15,12,16,15,29,13,16,14,17,14,16,15,23,22,33,32,1,31,32,21,22,14,15,13,16,13,15,12,28,14,15,11,14,12,18,21,42,23,21,14,15,11,23,11,15,14,33,20,18,13,20,13,22,19,19,14,19,19,18,17,23,16,28,19,22,23,30,26,29,31,37,40,50,59,80,60,121,0,0,0,0,0,0,0,0,0,0,0,0,0,0,0,0,
122,122,40,62,50,40,37,34,27,30,31,22,25,23,19,21,23,16,22,24,15,17,19,16,30,16,12,16,20,16,35,19,11,12,23,12,21,20,17,32,2,16,20,17,10,21,11,11,28,18,11,14,24,11,19,22,16,24,28,22,63,62,21,27,23,15,21,18,10,23,13,10,17,27,10,10,20,9,16,19,15,2,31,16,19,20,11,22,11,10,18,34,15,19,15,11,15,29,15,18,16,14,23,21,15,22,20,18,22,24,21,30,29,26,33,36,39,49,61,40,121,122,0,0,0,0,0,0,0,0,0,0,0,0,0,0,0,
123,61,83,30,51,41,38,30,32,27,28,21,24,21,23,16,22,19,21,15,28,14,17,14,31,15,16,12,16,21,3,12,18,12,18,11,19,14,18,14,45,23,20,12,19,13,14,9,20,17,17,9,23,13,21,12,18,19,25,17,63,1,62,16,24,18,17,11,20,12,22,8,16,16,19,8,13,12,18,11,19,22,44,13,17,13,18,10,17,11,17,11,3,20,15,11,15,14,30,13,16,13,27,14,20,18,21,15,22,20,23,20,27,26,31,29,37,40,50,30,82,61,123,0,0,0,0,0,0,0,0,0,0,0,0,0,0,
124,124,83,64,24,44,39,33,33,24,27,26,22,28,17,23,21,28,18,14,29,19,19,20,4,19,15,22,20,12,37,25,16,19,9,24,14,17,19,12,45,44,24,19,10,14,20,15,16,4,16,18,15,19,10,18,22,20,23,14,44,64,63,43,13,22,19,21,17,9,18,14,17,15,3,15,14,19,13,9,18,23,43,44,11,18,16,13,23,8,18,15,24,36,11,19,21,14,18,4,19,18,18,28,13,17,27,20,22,16,27,21,25,26,23,32,32,38,43,24,63,82,123,124,0,0,0,0,0,0,0,0,0,0,0,0,0,
125,62,41,62,53,20,17,32,13,26,28,20,24,8,19,20,21,6,18,18,5,15,22,12,33,18,9,8,19,11,37,20,14,13,8,6,17,15,14,18,32,2,31,17,7,12,21,7,7,16,13,12,14,5,17,6,13,16,21,12,35,33,1,32,34,11,20,15,12,5,16,4,13,11,12,15,6,6,20,11,6,16,30,2,31,17,13,14,16,5,7,12,13,19,36,10,18,7,8,17,32,11,21,14,5,17,17,6,20,19,18,8,23,19,27,25,13,31,17,20,52,61,41,62,125,0,0,0,0,0,0,0,0,0,0,0,0,
126,126,85,64,53,46,41,36,35,29,27,25,25,30,24,28,23,30,20,20,31,19,21,19,33,23,16,21,15,20,28,36,18,16,14,23,17,20,19,19,27,46,44,21,15,19,14,15,16,17,30,16,17,18,18,15,16,19,19,22,30,44,65,64,43,29,21,18,18,15,14,17,17,16,15,29,16,15,14,13,18,14,20,43,45,26,18,18,19,16,22,13,15,17,35,27,19,14,20,15,22,32,18,20,18,30,19,19,29,22,27,23,29,24,24,26,28,34,35,40,45,52,63,84,125,126,0,0,0,0,0,0,0,0,0,0,0,
127,63,85,31,52,43,41,15,35,27,26,21,28,23,23,7,22,21,19,15,31,18,18,11,26,19,17,11,17,15,23,3,22,14,18,10,19,13,16,9,24,25,45,13,18,12,12,5,12,12,29,11,15,12,25,9,23,15,21,17,27,33,65,1,64,32,26,16,20,14,22,8,24,11,14,10,28,11,11,4,11,11,17,12,44,24,23,8,15,12,18,9,17,13,21,3,22,14,16,10,16,18,25,10,17,17,30,14,18,20,21,7,22,22,27,20,25,26,34,15,40,42,51,31,84,63,127,0,0,0,0,0,0,0,0,0,0,
128,128,42,66,53,42,40,38,29,32,27,22,29,26,18,30,20,18,20,22,17,23,16,14,23,32,14,15,19,14,22,38,15,17,19,11,25,16,13,18,21,18,2,31,16,19,18,11,12,12,12,30,17,10,23,17,12,18,18,16,23,30,23,66,65,22,29,22,15,17,17,11,16,22,9,16,29,11,11,11,10,17,18,15,30,2,17,20,17,12,15,24,10,18,16,14,37,21,13,18,14,13,31,22,13,15,22,16,21,19,17,19,29,17,25,28,21,26,31,28,37,39,41,52,65,42,127,128,0,0,0,0,0,0,0,0,0,
129,64,87,64,25,43,39,34,33,12,30,24,9,23,17,22,20,21,23,12,23,19,18,16,13,4,19,13,23,9,21,22,36,15,10,11,24,13,7,8,20,25,47,24,11,14,16,12,20,6,15,4,17,13,9,16,16,16,21,8,20,24,35,34,1,33,34,23,19,7,20,15,15,15,8,12,16,3,14,5,19,11,15,13,10,23,46,24,19,7,6,12,23,10,9,14,35,21,20,8,22,12,18,4,12,15,17,18,22,11,22,20,19,21,16,22,9,23,29,12,32,33,38,42,25,63,86,64,129,0,0,0,0,0,0,0,0,
130,130,87,66,55,46,40,36,32,34,31,30,31,24,22,26,21,21,28,21,22,30,19,22,21,34,20,19,22,16,19,28,37,19,17,15,18,18,16,15,21,24,47,46,26,17,15,14,22,12,16,29,23,16,12,24,16,21,17,19,21,24,29,46,67,66,45,28,23,20,18,16,20,15,23,11,15,22,28,15,11,21,13,14,16,25,45,46,23,20,14,15,17,17,14,16,18,36,27,18,15,21,18,19,33,20,21,18,29,21,20,27,20,20,25,21,23,30,29,30,33,31,35,39,45,54,65,86,129,130,0,0,0,0,0,0,0,
131,65,43,32,55,21,41,32,29,29,11,10,31,22,19,18,22,15,29,14,17,5,18,10,18,21,15,12,18,11,19,14,3,20,16,7,16,16,11,12,17,11,34,2,17,17,19,6,15,12,10,10,31,9,7,10,13,12,19,7,23,19,23,18,67,1,66,17,22,18,22,6,18,11,12,9,6,8,30,9,9,11,14,5,18,16,16,2,33,10,16,11,10,15,15,6,15,19,3,13,18,10,17,11,14,20,17,9,17,5,16,13,28,14,21,17,18,21,30,10,11,28,28,31,40,21,54,32,43,65,131,0,0,0,0,0,0,
132,132,89,68,54,48,18,35,34,32,33,32,28,18,28,24,23,20,6,19,13,32,18,21,21,26,32,10,16,18,18,22,39,27,9,16,16,6,17,22,21,10,27,48,46,23,18,15,8,21,15,15,30,20,14,8,5,16,22,15,18,22,11,30,46,68,67,45,29,10,21,17,14,21,15,4,7,13,19,29,14,14,20,7,14,17,22,45,47,26,9,20,21,16,5,15,15,8,26,38,21,17,17,15,9,31,25,20,20,17,31,12,18,6,19,22,23,27,17,27,31,32,31,33,34,18,47,53,67,88,131,132,0,0,0,0,0,
133,66,89,66,55,45,43,34,35,29,33,26,27,21,29,20,28,19,31,17,18,21,20,15,19,21,33,15,14,16,21,18,39,21,18,12,13,15,17,14,16,17,23,26,47,24,18,13,15,14,14,11,22,18,16,12,18,16,16,16,23,18,23,24,37,35,1,34,36,23,22,17,22,15,15,15,17,11,15,17,21,10,13,13,14,12,17,23,46,25,22,16,15,13,16,14,12,11,17,20,38,17,20,15,13,14,32,20,18,14,19,20,17,16,30,18,27,19,28,20,26,25,32,28,34,33,42,44,54,65,88,66,133,0,0,0,0,
134,134,44,68,26,44,43,38,14,26,30,24,25,23,8,24,29,14,31,14,16,26,23,13,13,22,4,18,18,8,19,18,17,38,11,8,18,17,13,10,17,14,23,34,2,33,20,13,20,9,10,17,16,4,10,16,11,26,18,6,17,17,9,26,15,24,69,68,23,14,25,8,16,16,5,17,25,10,15,9,3,15,16,9,8,19,12,19,32,2,33,22,13,16,9,12,16,17,7,10,37,16,17,18,7,17,17,4,21,12,12,22,25,15,13,30,13,28,23,8,22,24,23,29,25,14,37,42,43,26,67,44,133,134,0,0,0,
135,67,91,33,57,45,42,16,37,28,29,23,27,22,31,16,7,18,26,15,23,21,30,11,19,18,35,13,19,15,16,10,25,3,22,12,20,12,26,9,22,16,22,15,49,25,23,8,16,11,5,8,16,17,23,8,14,15,16,11,17,17,21,10,27,35,69,1,68,34,26,9,20,16,16,10,15,14,13,7,22,16,15,7,4,10,15,7,22,24,48,14,21,15,21,8,25,11,19,11,21,3,24,9,15,14,18,12,34,17,18,10,29,20,22,14,25,17,7,15,30,21,26,22,28,27,36,16,41,44,56,33,90,67,135,0,0,
136,136,91,70,57,48,41,40,37,31,30,28,26,25,31,23,31,19,23,23,22,22,31,18,23,19,35,25,15,17,16,17,21,40,27,19,15,15,25,16,21,19,19,24,49,48,26,19,18,18,18,13,14,19,32,18,19,16,26,17,24,18,18,24,26,32,48,70,69,47,31,25,23,17,17,23,16,25,15,18,17,31,18,13,12,17,17,17,18,25,47,48,23,18,18,20,15,24,14,14,18,26,39,20,16,15,16,14,24,34,18,22,17,30,21,21,22,22,18,30,22,30,24,25,27,29,30,36,39,40,47,56,69,90,135,136,0,
137,68,45,68,56,22,42,36,31,29,29,22,24,23,21,19,31,15,22,20,15,18,5,12,22,17,17,20,19,10,19,16,17,23,38,10,15,12,12,16,15,11,19,20,19,2,33,10,17,14,11,13,16,8,31,18,11,11,25,10,18,15,15,18,25,13,37,36,1,35,36,12,24,17,14,14,17,9,24,10,10,17,30,7,15,12,10,13,16,9,32,2,18,19,18,10,14,15,11,11,14,9,37,22,16,15,18,9,18,19,16,16,21,11,5,17,14,19,21,14,30,18,20,22,23,21,28,28,30,35,41,22,55,67,45,68,137,
138,138,93,70,57,50,43,38,35,34,28,27,26,30,25,23,26,20,23,30,17,22,33,19,18,20,23,34,18,15,24,20,19,30,39,21,19,19,16,26,16,19,19,22,29,50,48,22,20,15,13,23,13,15,22,32,15,18,17,21,15,24,21,21,24,25,32,48,71,70,47,31,24,23,20,20,23,14,20,16,17,14,31,21,14,12,22,12,14,19,21,47,49,28,21,18,18,15,25,15,18,18,20,38,29,18,19,23,14,17,33,22,19,17,18,32,21,16,29,22,19,25,22,24,29,25,26,27,33,34,37,42,49,56,69,92,137,
139,69,93,34,27,47,19,34,34,13,29,23,27,9,19,18,25,20,21,6,13,17,33,14,12,15,22,4,19,9,23,12,21,23,3,13,15,14,16,6,16,7,20,15,13,27,49,14,9,7,19,10,14,12,9,4,19,13,16,5,15,15,11,14,15,21,29,19,71,1,70,18,28,20,14,13,10,14,14,4,15,12,18,3,8,11,13,9,18,6,8,13,48,26,12,14,19,6,15,5,15,13,14,12,3,22,20,11,22,8,18,4,21,14,11,13,32,16,12,6,20,19,24,17,18,9,26,22,28,13,33,33,19,46,27,34,92,
140,140,46,72,59,46,45,37,31,36,32,24,30,32,21,25,24,18,21,32,16,20,26,16,18,18,17,36,22,13,18,18,14,22,41,16,19,16,10,25,16,12,16,20,19,36,2,18,22,16,12,16,22,9,15,31,14,18,15,12,18,15,14,22,22,18,24,31,25,72,71,24,30,23,17,21,21,13,14,17,11,14,17,13,30,14,8,21,15,11,15,21,17,2,35,18,19,15,11,15,24,9,15,18,15,40,21,13,17,17,12,21,35,16,17,17,15,25,19,15,31,20,17,23,24,20,31,29,23,31,35,30,36,44,45,58,71,
141,70,95,70,59,47,45,36,36,31,33,26,31,25,26,22,23,21,24,22,21,18,23,20,20,17,20,22,25,14,15,16,19,18,41,22,20,13,15,15,21,12,18,16,21,27,51,26,23,16,14,12,23,11,13,17,33,15,19,12,27,14,23,14,19,17,23,26,39,37,1,36,38,25,22,16,18,13,22,13,26,11,18,14,32,16,12,10,22,11,13,15,22,25,50,26,20,15,17,11,20,14,14,12,19,21,40,17,18,15,14,13,24,21,19,16,19,19,22,17,20,21,23,20,22,21,25,24,30,25,32,30,35,35,44,46,58,
142,142,95,72,58,50,44,40,37,34,12,32,10,28,25,30,23,30,23,26,22,12,21,32,17,10,19,28,34,19,15,24,9,20,30,40,21,19,7,15,27,18,23,8,18,26,51,50,28,21,20,6,16,17,6,17,32,20,16,13,25,17,16,18,7,8,22,25,32,50,73,72,49,31,24,21,7,6,17,15,16,24,12,15,19,31,16,5,16,15,5,19,20,27,49,50,25,17,7,22,17,26,14,6,18,20,39,29,19,8,23,14,18,33,27,18,9,16,31,20,11,21,25,22,29,22,29,24,27,10,31,12,33,36,39,43,49,
143,71,47,35,59,23,43,17,15,31,35,11,33,25,20,8,25,7,20,17,17,17,21,5,20,16,11,15,35,11,18,8,13,17,25,3,24,14,12,8,26,10,21,12,9,20,36,2,35,19,13,11,15,5,11,7,13,19,16,7,16,17,9,6,16,13,20,19,25,37,73,1,72,36,24,18,19,12,15,5,8,16,15,6,15,18,12,6,10,4,14,10,12,18,34,2,35,19,8,11,20,9,25,7,11,13,23,3,24,16,12,7,17,10,34,14,10,15,19,5,20,16,16,16,19,7,24,8,19,24,32,11,34,30,15,17,42,
144,144,97,74,28,52,44,42,39,28,35,34,33,26,19,32,24,32,20,16,30,19,22,34,13,17,18,21,4,12,20,23,17,19,13,42,29,18,15,9,20,18,16,16,13,20,29,52,50,12,18,15,15,18,8,15,18,4,19,10,15,26,18,17,12,24,24,21,26,16,50,74,73,49,15,25,20,23,23,11,16,17,25,14,9,18,3,17,14,7,17,14,14,17,11,49,51,28,19,12,15,15,17,19,8,14,17,28,41,12,18,16,22,19,11,4,20,17,16,12,33,21,18,29,15,19,31,23,31,18,25,32,33,34,27,38,41,
145,72,97,72,61,49,45,38,39,30,32,28,30,24,24,24,22,23,22,20,31,16,21,22,22,14,19,18,37,20,17,15,17,16,21,24,40,17,18,13,15,17,17,16,22,17,26,28,51,26,21,15,21,12,22,11,14,18,25,14,18,15,21,13,25,15,18,18,22,26,39,38,1,37,38,25,21,17,17,14,24,12,20,14,17,13,24,17,13,10,21,11,20,14,20,25,50,27,25,16,21,15,16,16,14,12,17,16,39,23,20,15,16,14,16,19,36,17,18,13,21,21,20,15,30,19,21,22,21,23,23,23,29,27,31,29,38,
146,146,48,74,61,48,20,40,33,33,31,26,29,20,21,28,22,20,21,22,6,21,19,18,25,19,15,12,37,16,18,17,14,22,11,18,41,20,13,21,15,6,15,22,13,22,23,20,2,35,18,18,16,10,24,7,10,19,34,14,16,16,5,16,18,14,24,24,18,12,34,26,75,74,25,33,11,17,23,23,13,17,15,4,15,15,13,33,18,9,6,23,9,15,17,17,34,2,19,22,21,12,21,14,5,14,20,12,19,40,17,10,21,13,16,17,15,36,11,14,18,24,17,18,20,6,21,20,19,21,27,20,19,28,25,30,32,
147,73,99,36,60,49,47,36,37,31,32,25,27,23,30,20,23,23,22,17,33,17,21,16,32,16,24,15,28,21,18,11,25,15,19,15,3,22,18,11,15,16,17,11,18,15,21,16,53,27,25,14,18,13,17,9,18,14,33,12,17,12,20,12,14,17,18,14,23,21,29,20,75,1,74,19,28,20,22,13,17,16,13,11,19,11,16,11,32,13,17,8,16,12,17,13,24,26,52,15,20,14,17,10,16,15,14,10,17,21,3,14,18,14,24,10,17,20,27,14,23,15,31,15,20,16,32,16,21,22,22,19,29,22,26,24,31,
148,148,99,76,61,52,47,39,36,36,31,30,29,25,31,26,24,23,25,24,33,21,24,22,33,18,23,22,25,36,20,19,24,15,20,24,43,29,17,14,14,17,21,15,19,22,21,25,53,52,28,20,18,21,16,23,13,17,24,34,17,20,15,28,16,23,19,21,21,23,28,34,52,76,75,51,33,27,22,20,20,18,22,15,27,14,19,16,33,23,16,12,22,15,20,17,19,27,51,52,24,20,21,18,14,20,16,13,13,16,28,42,23,19,14,23,18,19,35,24,21,22,17,32,21,23,20,32,23,24,22,23,25,30,24,28,29,
149,74,49,74,29,24,46,38,33,14,30,24,28,24,9,22,25,17,30,14,19,20,23,14,5,17,14,16,22,4,21,15,13,15,13,12,43,23,16,8,20,9,28,14,7,15,22,12,38,2,19,19,19,10,9,15,10,12,18,4,18,12,10,16,11,10,21,16,15,9,25,14,41,39,1,38,40,13,24,8,14,15,20,9,10,15,9,11,17,3,17,11,9,14,8,9,18,18,18,2,37,11,21,14,6,13,27,8,19,7,15,22,42,11,12,14,12,14,20,4,21,15,13,16,5,13,22,19,18,13,29,16,24,21,9,23,27,
150,150,101,76,63,54,45,42,38,38,31,29,26,27,33,26,30,22,31,23,25,25,20,21,35,21,18,18,21,38,22,16,16,18,22,22,32,42,21,17,21,17,27,18,18,17,18,22,31,54,52,25,17,19,20,16,17,17,15,33,25,16,19,15,28,19,24,18,20,20,24,28,33,52,77,76,51,32,27,23,19,19,17,23,18,27,14,18,15,24,32,14,16,16,15,19,18,16,24,51,53,30,21,17,16,17,17,26,16,20,16,20,41,31,21,21,17,15,15,21,37,20,17,17,20,34,20,19,24,24,22,30,21,29,25,32,26,
151,75,101,37,63,51,46,18,39,33,34,25,28,25,33,18,31,21,7,16,24,21,18,13,35,20,17,14,22,23,27,10,16,17,21,15,27,3,24,9,16,11,20,12,15,16,19,10,26,29,53,15,19,15,18,8,5,10,15,11,35,15,15,8,27,15,15,13,23,17,25,11,31,39,77,1,76,38,30,10,24,16,22,12,14,14,26,7,14,14,34,10,14,9,4,7,17,14,18,14,52,28,25,9,18,15,14,11,19,10,15,8,23,3,26,14,20,16,15,9,26,22,21,13,16,19,34,12,17,20,23,15,7,20,30,17,32,
152,152,50,78,62,50,47,44,16,36,35,26,29,32,23,25,8,16,33,21,19,32,20,16,28,25,11,24,18,18,36,17,12,8,17,10,24,44,17,18,15,11,16,28,9,24,21,16,25,38,2,37,22,8,15,14,12,15,18,13,34,22,8,15,17,14,18,6,13,18,21,10,27,34,27,78,77,26,33,26,9,20,17,12,5,17,13,16,14,7,21,33,12,17,14,11,13,14,7,21,36,2,37,24,15,20,23,8,27,15,10,14,17,16,43,23,9,16,7,11,16,35,17,17,23,10,24,27,15,19,31,18,20,32,15,8,24,
153,76,103,76,63,51,21,40,41,33,13,28,32,10,27,21,33,20,33,19,15,6,21,18,25,21,18,10,22,23,37,17,9,16,11,15,23,25,42,17,20,7,14,6,16,15,15,16,11,29,55,28,24,16,7,6,15,14,14,13,24,20,9,14,15,5,17,15,19,7,23,20,27,28,41,40,1,39,40,27,26,19,22,6,18,14,16,4,14,13,8,19,23,12,13,13,14,5,6,15,23,27,54,28,10,15,14,14,15,5,13,6,19,16,41,24,22,14,10,15,8,16,36,22,21,9,17,20,24,17,20,6,14,18,32,19,32,
154,154,103,78,30,54,49,42,41,30,37,34,33,34,21,25,33,21,28,16,20,34,20,24,15,34,19,23,21,14,4,21,18,17,12,19,22,32,43,12,16,18,16,27,11,16,17,18,23,14,55,54,30,20,12,17,15,25,15,9,17,4,19,15,9,20,20,15,26,12,20,20,26,26,17,54,79,78,53,16,25,25,19,19,11,25,14,19,19,8,14,18,3,16,8,14,24,14,16,11,19,29,53,54,13,22,17,16,15,10,26,15,17,15,11,42,31,21,18,11,16,17,20,4,13,20,22,18,33,14,23,19,33,19,15,27,20,
155,77,51,38,65,25,49,38,35,32,37,12,11,27,23,20,28,17,25,17,18,23,20,12,23,5,16,13,17,13,39,14,13,14,21,9,18,25,3,14,20,10,15,11,14,13,24,8,20,22,21,2,37,11,21,11,11,15,16,6,16,19,15,12,7,9,29,12,13,15,25,8,23,23,27,21,79,1,78,20,26,22,22,7,24,14,12,11,28,8,6,11,14,18,15,5,15,14,10,10,20,10,36,2,20,21,19,7,23,12,13,10,14,9,19,13,3,24,17,8,20,13,12,13,38,12,16,12,15,5,22,11,19,22,17,16,24,
156,156,105,80,65,56,48,41,39,35,34,36,35,30,28,27,27,22,24,25,25,28,22,23,20,36,21,17,19,22,39,27,20,14,26,18,22,23,45,31,19,18,20,17,29,16,23,17,21,24,31,56,54,25,20,21,22,15,24,12,16,21,36,18,16,15,27,19,15,26,17,19,19,26,27,36,54,80,79,53,35,26,25,18,18,16,25,14,18,26,14,15,17,35,20,15,11,23,14,21,20,19,24,53,55,30,23,20,16,22,15,28,16,19,17,18,30,44,22,21,17,25,13,19,26,38,21,18,16,20,35,19,22,21,27,24,24,
157,78,105,78,64,53,47,40,38,33,33,30,35,27,27,24,26,22,25,22,24,23,25,17,23,23,22,15,21,17,30,22,18,14,25,14,18,20,45,24,20,15,22,13,28,15,17,15,19,19,28,30,55,28,21,14,15,11,25,11,15,14,35,20,19,13,16,18,19,16,19,18,25,20,25,28,43,41,1,40,42,27,24,19,24,17,18,15,18,17,15,12,18,19,34,13,14,10,24,10,14,13,20,27,54,29,27,18,18,14,16,14,27,12,21,14,19,23,44,19,17,13,24,13,17,21,29,16,20,14,21,22,22,16,24,22,23,
158,158,52,80,65,52,48,44,35,38,34,28,32,28,22,32,25,20,23,32,17,24,32,15,21,28,17,21,25,16,25,38,16,21,20,14,18,21,19,44,23,13,17,14,13,20,14,14,23,19,21,40,2,20,24,21,12,20,15,11,17,15,14,36,19,12,17,28,14,17,21,14,17,20,20,28,36,28,81,80,27,35,27,19,19,16,13,20,16,13,27,16,11,18,35,13,14,16,10,14,19,11,20,23,19,2,39,20,18,22,13,13,19,12,13,16,12,22,43,18,20,17,13,19,20,15,37,24,15,24,20,16,27,20,14,31,23,
159,79,107,39,31,53,49,19,40,15,33,27,31,26,21,9,25,23,23,7,19,20,33,13,15,23,34,14,24,11,24,4,20,15,11,13,23,17,27,3,26,16,15,10,10,18,19,7,18,9,24,17,57,29,13,9,21,15,17,5,14,11,18,4,11,13,14,11,23,9,25,11,21,19,17,21,31,41,81,1,80,40,30,20,16,18,20,10,24,8,22,10,13,12,10,3,17,10,13,4,16,14,20,8,12,28,56,16,23,8,17,6,18,17,9,9,14,15,25,3,26,16,22,12,10,14,19,4,23,10,23,13,33,22,14,12,32,
160,160,107,82,67,56,22,46,41,40,32,32,29,22,26,34,27,32,26,34,15,24,6,20,21,24,35,12,20,18,23,40,24,18,10,26,21,22,24,46,31,10,19,21,15,6,17,18,11,18,21,28,57,56,30,10,17,17,15,20,15,19,8,35,27,15,21,14,5,10,16,20,23,19,23,24,13,35,56,82,81,55,34,12,23,22,18,22,19,15,9,4,13,20,14,26,34,7,18,14,19,14,16,16,9,29,55,56,27,20,17,10,17,16,5,14,20,18,9,30,45,23,21,20,25,9,17,23,39,22,17,19,11,34,23,20,19,
161,80,53,80,67,26,51,42,17,35,33,26,31,25,23,26,26,8,25,24,18,19,35,14,25,20,5,17,18,13,21,24,17,16,16,8,16,16,19,26,44,11,18,15,8,17,19,10,18,17,16,22,40,2,39,21,15,14,21,9,24,11,7,19,37,10,15,11,13,18,18,6,18,18,17,19,24,15,43,42,1,41,42,14,23,18,16,17,17,5,17,17,12,10,14,9,36,18,6,10,23,8,20,13,14,20,38,2,39,21,15,16,17,9,18,16,7,14,17,10,43,25,18,15,15,7,15,15,16,23,20,12,17,16,5,19,24,
162,162,109,82,66,58,51,44,43,38,36,31,30,27,32,30,24,34,22,28,23,22,35,21,24,21,37,20,16,20,21,30,38,19,20,25,19,19,20,34,45,23,18,15,14,19,23,18,25,21,23,23,33,58,56,27,22,18,18,16,26,15,14,17,36,22,19,20,17,30,15,17,19,24,20,24,23,30,36,56,83,82,55,35,29,22,23,19,23,18,16,14,29,16,19,18,21,35,16,13,14,25,15,17,17,21,26,55,57,32,22,22,20,24,17,22,18,13,14,17,22,44,33,19,18,18,24,19,18,37,29,20,19,15,19,36,20,
163,81,109,40,67,55,50,40,43,35,37,27,28,26,33,22,24,25,22,19,24,20,28,16,20,19,37,15,20,18,20,16,39,17,21,12,19,17,21,16,3,24,18,11,17,14,30,12,23,14,17,17,27,31,57,16,23,15,16,10,17,14,18,11,26,21,19,11,16,17,19,11,27,14,19,16,22,23,33,22,83,1,82,21,32,22,21,15,18,13,26,10,18,16,15,10,18,20,25,10,17,13,16,9,15,14,22,15,56,30,26,16,16,13,22,11,29,13,16,10,17,23,3,15,20,16,18,11,20,16,38,15,19,17,19,14,36,
164,164,54,84,32,54,49,43,37,32,14,28,30,29,10,28,25,22,24,18,19,14,25,18,14,22,19,27,21,10,23,24,4,21,12,13,21,22,16,14,47,18,21,8,7,15,29,14,15,12,15,21,25,22,2,39,20,19,20,6,14,25,9,14,10,4,21,18,11,10,30,13,20,18,7,23,9,20,30,18,29,84,83,28,17,29,19,8,22,6,17,19,12,29,9,10,17,20,3,9,13,8,24,13,5,19,18,19,38,2,21,24,20,14,11,14,13,28,14,6,7,20,17,46,13,15,21,20,12,11,20,4,23,22,9,20,26,
165,82,111,82,69,55,50,42,41,34,39,30,31,27,35,24,26,25,23,22,32,19,23,22,20,17,25,22,17,17,21,20,41,22,19,13,27,15,21,20,47,25,22,15,18,12,22,18,15,17,22,18,22,31,59,30,27,18,17,15,14,16,14,13,18,20,27,14,21,13,29,15,16,18,18,17,21,20,27,30,45,43,1,42,44,29,26,19,20,16,17,17,15,14,28,12,20,13,26,19,17,12,13,15,13,14,16,17,26,29,58,30,21,17,21,16,14,17,21,11,17,14,21,24,46,19,20,14,26,12,18,21,40,19,20,16,16,
166,166,111,84,69,58,51,46,40,37,39,36,34,34,35,28,27,25,24,24,33,21,23,34,22,20,24,36,21,19,18,20,41,29,18,17,26,18,18,21,34,46,22,19,17,15,18,30,19,24,16,18,20,28,59,58,32,23,20,14,17,16,19,14,18,21,38,20,14,15,19,23,20,25,18,26,24,26,25,29,38,58,85,84,57,37,28,24,25,23,25,17,24,19,22,18,14,13,19,37,20,17,13,18,15,16,13,19,22,31,57,58,27,19,17,15,23,18,29,17,14,16,18,21,45,33,20,17,17,25,16,17,28,40,19,17,18,
167,83,55,41,68,27,23,20,37,35,36,13,35,11,25,20,32,19,27,19,7,18,24,6,19,19,19,5,20,12,18,12,19,23,11,9,20,15,15,11,29,3,26,14,12,14,16,6,10,15,14,14,22,13,42,2,21,21,18,7,23,13,5,7,15,9,37,13,13,7,15,5,19,14,15,13,13,15,25,12,29,43,85,1,84,42,28,11,24,14,12,12,14,13,18,4,14,6,12,12,36,8,14,6,4,12,22,6,17,20,20,2,41,12,21,13,13,14,9,5,15,13,11,13,25,3,28,10,14,14,19,8,10,22,18,11,17,
168,168,113,86,69,60,53,48,42,40,35,38,12,36,29,27,33,24,32,26,35,23,23,36,22,12,22,38,21,17,21,19,27,40,20,18,18,20,9,20,26,48,33,21,21,23,18,29,19,15,21,8,21,23,33,60,58,26,20,18,16,14,20,14,6,14,26,38,18,16,14,22,20,19,26,20,26,8,26,26,28,38,58,86,85,57,37,27,25,25,7,25,19,25,18,19,21,13,15,17,37,25,13,5,13,19,13,15,17,19,25,57,59,32,22,20,7,20,14,18,28,17,22,20,20,32,47,25,19,8,19,17,17,19,39,26,18,
169,84,113,84,33,57,53,44,43,16,36,32,37,29,23,23,9,23,33,16,35,19,21,24,15,18,21,24,24,11,26,18,23,4,13,14,18,18,18,10,23,27,46,19,12,15,13,17,23,9,7,15,21,19,15,32,59,30,22,8,16,14,17,15,8,12,20,4,21,8,20,14,31,14,11,18,20,16,20,10,29,30,45,44,1,43,44,29,28,9,19,15,19,17,10,13,30,13,19,7,20,3,19,11,7,14,16,13,15,7,21,29,58,31,14,18,20,14,6,8,22,16,12,14,11,18,45,26,22,9,17,17,17,13,12,4,22,
170,170,56,86,71,56,52,46,18,42,35,30,37,32,25,27,35,18,8,25,21,23,23,20,24,19,13,30,27,15,25,22,19,42,24,10,15,8,13,17,22,20,47,23,9,16,16,13,31,15,13,19,19,10,27,42,2,41,24,15,22,23,8,27,14,11,18,37,16,18,18,8,29,18,12,6,19,16,26,23,11,29,37,30,87,86,29,36,28,10,22,25,15,18,5,11,17,28,7,17,17,15,36,17,10,13,26,7,22,21,14,23,40,2,41,26,9,18,18,12,14,30,12,15,15,8,22,46,19,21,16,12,7,14,9,23,41,
171,85,115,42,71,57,51,42,45,37,34,29,34,29,30,22,35,22,35,18,27,22,26,18,27,16,20,17,36,16,20,14,21,25,29,14,20,17,19,14,23,27,3,15,17,14,22,11,30,15,17,13,24,18,24,18,61,31,27,16,17,14,15,11,16,12,18,12,39,17,15,10,18,19,17,12,18,17,18,16,27,25,33,23,87,1,86,22,32,24,26,15,17,16,17,11,16,18,17,9,14,16,38,11,17,11,15,10,14,13,16,15,26,30,60,17,23,17,23,12,16,14,29,10,21,13,16,14,3,26,22,13,18,16,19,13,28,
172,172,115,88,70,60,52,45,45,40,35,34,33,30,29,29,30,23,35,23,26,27,25,24,34,21,21,23,37,21,17,20,23,32,40,21,22,19,19,24,19,26,49,33,20,21,23,17,22,20,18,26,18,22,23,30,61,60,32,21,22,17,22,15,26,14,14,19,38,24,17,22,15,30,18,14,28,17,20,26,22,28,30,38,60,88,87,59,37,29,27,21,25,19,16,27,13,17,29,14,21,16,23,37,18,13,13,25,14,21,16,21,20,31,59,60,29,22,21,17,25,17,19,21,16,22,20,19,32,48,25,18,23,18,18,21,20,
173,86,57,86,71,28,53,44,39,37,38,28,31,28,24,26,29,19,30,21,21,23,22,16,35,18,17,20,5,13,17,18,16,25,41,12,17,14,15,16,23,13,49,26,18,14,16,9,18,19,13,16,18,13,24,24,23,2,41,12,20,16,13,12,27,8,20,13,15,22,17,10,14,17,15,15,20,12,25,17,17,22,27,16,47,45,1,44,46,15,26,21,16,16,24,11,19,14,14,16,13,9,16,21,14,12,19,7,26,11,12,15,19,11,40,2,22,23,23,12,17,15,12,18,17,8,15,13,17,25,48,12,22,15,14,13,16,
174,174,117,88,34,62,24,48,43,34,39,33,33,24,23,34,28,24,27,18,17,34,20,23,6,20,26,14,39,14,20,26,21,24,4,23,17,17,28,12,18,12,36,48,13,21,14,17,9,6,19,16,19,24,15,12,35,62,60,14,19,16,10,16,10,19,13,17,20,4,20,20,21,16,5,19,10,28,17,14,23,23,28,14,19,60,89,88,59,18,13,27,22,22,13,16,27,9,18,4,15,20,19,19,3,19,16,12,18,9,15,9,15,18,13,59,61,34,11,14,23,18,15,18,5,8,16,13,20,12,47,35,11,17,11,27,16,
175,87,117,43,73,59,55,21,42,36,15,29,32,27,28,10,27,24,26,19,22,7,22,15,37,19,25,17,39,22,22,10,11,20,43,15,21,14,27,11,19,19,29,3,28,16,20,7,18,18,18,11,26,16,9,11,30,33,61,17,22,17,20,6,15,5,16,10,17,21,29,9,17,12,22,13,9,17,17,7,20,19,25,23,35,45,89,1,88,44,34,22,24,18,19,6,16,16,8,12,21,11,16,8,28,20,16,9,15,4,14,5,19,16,21,16,60,32,29,10,8,15,25,10,17,17,17,6,19,15,27,3,28,18,18,10,26,
176,176,58,90,73,58,55,50,39,39,41,30,30,29,25,36,27,22,27,27,20,36,23,18,37,23,16,24,30,18,19,25,15,22,43,18,17,21,14,18,24,16,25,50,19,19,18,13,14,19,15,20,25,13,18,24,23,44,2,22,26,21,14,17,13,13,15,19,12,23,40,16,18,17,13,32,18,13,23,18,16,22,22,22,32,40,31,90,89,30,39,31,21,21,21,15,17,22,12,17,31,12,16,17,15,39,22,11,18,14,12,12,16,13,20,25,21,2,43,22,23,17,12,24,19,14,18,13,12,17,18,18,49,24,15,23,17,
177,88,119,88,72,59,54,46,44,37,41,32,32,28,34,28,29,25,25,24,27,25,22,20,30,22,20,18,27,23,20,17,19,19,32,24,21,16,18,18,23,18,25,28,48,19,17,14,14,14,32,14,17,15,21,17,26,33,63,32,29,18,17,13,17,14,26,10,13,16,39,22,16,15,18,18,19,14,27,16,27,18,25,22,26,32,47,46,1,45,46,31,25,21,24,17,26,15,26,13,18,17,17,14,15,21,38,15,12,9,25,13,16,12,16,17,28,31,62,32,25,16,20,14,16,13,31,13,13,13,16,18,47,27,24,17,22,
178,178,119,90,73,62,53,48,45,42,38,38,33,31,35,32,28,34,25,34,26,30,22,26,27,27,19,20,24,38,20,19,19,21,27,42,22,18,18,28,17,21,24,36,49,25,21,16,22,14,31,18,16,21,23,24,25,29,63,62,34,23,20,21,24,18,28,13,20,17,28,40,18,15,15,18,32,16,18,20,19,21,20,21,26,32,40,62,91,90,61,39,31,25,20,19,20,18,19,17,15,31,17,14,14,17,39,27,16,19,12,27,17,23,20,19,22,33,61,62,28,24,23,22,20,15,17,30,13,21,15,20,24,48,35,23,20,
179,89,59,44,35,29,54,44,19,17,37,14,36,29,11,24,26,9,28,8,19,25,24,14,17,23,13,16,23,5,22,13,16,18,15,4,23,15,12,8,18,13,21,17,3,26,20,8,24,8,14,13,19,7,12,14,18,24,44,2,43,23,9,13,11,9,19,10,10,7,19,4,21,15,7,11,31,11,16,6,11,19,25,9,19,25,31,24,91,1,90,23,30,24,18,8,24,18,10,5,15,10,30,10,6,14,20,3,18,6,9,9,18,8,10,12,8,22,42,2,43,23,17,13,11,6,18,12,13,7,23,7,19,25,3,16,20,
